path	size_lines	mtime
docs/audit/2026-06-11-full-repo-audit/branch-reconciliation/evidence/approval-log.md	3492	57	2026-06-11 18:32:22.722960765 +0100
docs/audit/2026-06-11-full-repo-audit/branch-reconciliation/evidence/dracon-libs-post-state.md	621	16	2026-06-11 18:33:32.210159505 +0100
docs/audit/2026-06-11-full-repo-audit/branch-reconciliation/evidence/dracon-utilities-public-release-state.md	2047	50	2026-06-11 18:28:16.729686491 +0100
docs/audit/2026-06-11-full-repo-audit/branch-reconciliation/evidence/final-inventory.json	9860	379	2026-06-11 18:34:02.552681999 +0100
docs/audit/2026-06-11-full-repo-audit/branch-reconciliation/evidence/final-inventory.stderr	0	0	2026-06-11 18:34:02.193675820 +0100
docs/audit/2026-06-11-full-repo-audit/branch-reconciliation/evidence/folder-auto-banner-state.md	1037	53	2026-06-11 18:28:16.732686544 +0100
docs/audit/2026-06-11-full-repo-audit/branch-reconciliation/evidence/junk-runner-bevy-state.md	293724	2657	2026-06-11 18:28:16.738686649 +0100
docs/audit/2026-06-11-full-repo-audit/branch-reconciliation/evidence/one-mil-girls-decoded-diff.md	2503	64	2026-06-11 18:28:16.742686718 +0100
docs/audit/2026-06-11-full-repo-audit/branch-reconciliation/evidence/one-mil-girls-post-state.md	621	21	2026-06-11 18:31:14.696783978 +0100
docs/audit/2026-06-11-full-repo-audit/branch-reconciliation/evidence/one-mil-girls-state.md	2121	46	2026-06-11 18:28:16.746686789 +0100
docs/audit/2026-06-11-full-repo-audit/branch-reconciliation/evidence/post-inventory.json	9891	379	2026-06-11 18:32:23.067966725 +0100
docs/audit/2026-06-11-full-repo-audit/branch-reconciliation/evidence/post-inventory.stderr	0	0	2026-06-11 18:32:22.726960834 +0100
docs/audit/2026-06-11-full-repo-audit/branch-reconciliation/evidence/post-merge-state.md	667	30	2026-06-11 18:30:00.524496654 +0100
docs/audit/2026-06-11-full-repo-audit/branch-reconciliation/evidence/pre-inventory.json	9877	379	2026-06-11 18:28:16.750686858 +0100
docs/audit/2026-06-11-full-repo-audit/branch-reconciliation/evidence/pre-inventory.stderr	0	0	2026-06-11 18:28:16.750686858 +0100
docs/audit/2026-06-11-full-repo-audit/branch-reconciliation/evidence/pre-merge-state.md	662	25	2026-06-11 18:27:37.262995137 +0100
docs/audit/2026-06-11-full-repo-audit/branch-reconciliation/REPORT.md	7600	96	2026-06-11 18:34:42.028360976 +0100
docs/audit/2026-06-11-full-repo-audit/cleanup-except-pi/after/inventory.json	12600	472	2026-06-11 12:30:10.225431424 +0100
docs/audit/2026-06-11-full-repo-audit/cleanup-except-pi/after/inventory.tsv	1522	21	2026-06-11 12:30:10.243404370 +0100
docs/audit/2026-06-11-full-repo-audit/cleanup-except-pi/before/inventory.json	12669	473	2026-06-11 12:13:31.982159747 +0100
docs/audit/2026-06-11-full-repo-audit/cleanup-except-pi/before/inventory.tsv	1506	21	2026-06-11 12:13:32.002172473 +0100
docs/audit/2026-06-11-full-repo-audit/cleanup-except-pi/candidates/cleanup-candidates.tsv	368473	2238	2026-06-11 12:13:56.678589671 +0100
docs/audit/2026-06-11-full-repo-audit/cleanup-except-pi/CLEANUP_MANIFEST.md	3147	47	2026-06-11 12:21:16.931165393 +0100
docs/audit/2026-06-11-full-repo-audit/cleanup-except-pi/hygiene.tsv	1241	21	2026-06-11 12:23:53.212827510 +0100
docs/audit/2026-06-11-full-repo-audit/cleanup-except-pi/per-repo/after.ai-auto-repo-rot-scanner-todo-agent.git.txt	1496	19	2026-06-11 12:23:11.057110372 +0100
docs/audit/2026-06-11-full-repo-audit/cleanup-except-pi/per-repo/after.ai-auto-writer.git.txt	1203	20	2026-06-11 12:23:11.096111036 +0100
docs/audit/2026-06-11-full-repo-audit/cleanup-except-pi/per-repo/after.avid.git.txt	1434	20	2026-06-11 12:23:11.129111597 +0100
docs/audit/2026-06-11-full-repo-audit/cleanup-except-pi/per-repo/after.browser-extensions-shared.git.txt	3063	21	2026-06-11 12:23:10.991109248 +0100
docs/audit/2026-06-11-full-repo-audit/cleanup-except-pi/per-repo/after.dracon-ai-lib.git.txt	1557	18	2026-06-11 12:23:11.022109777 +0100
docs/audit/2026-06-11-full-repo-audit/cleanup-except-pi/per-repo/after.dracon-code.git.txt	12914	30	2026-06-11 12:23:10.908107836 +0100
docs/audit/2026-06-11-full-repo-audit/cleanup-except-pi/per-repo/after.DraconDev.git.txt	1327	19	2026-06-11 12:23:11.068110559 +0100
docs/audit/2026-06-11-full-repo-audit/cleanup-except-pi/per-repo/after..dracon.git.txt	1229	19	2026-06-11 12:23:11.014109640 +0100
docs/audit/2026-06-11-full-repo-audit/cleanup-except-pi/per-repo/after.dracon-libs.git.txt	1034	19	2026-06-11 12:23:11.149111938 +0100
docs/audit/2026-06-11-full-repo-audit/cleanup-except-pi/per-repo/after.dracon-platform.git.txt	3622	31	2026-06-11 12:23:10.968108857 +0100
docs/audit/2026-06-11-full-repo-audit/cleanup-except-pi/per-repo/after.dracon-utilities.git.txt	5049	28	2026-06-11 12:23:10.952108585 +0100
docs/audit/2026-06-11-full-repo-audit/cleanup-except-pi/per-repo/after.folder-auto-banner.git.txt	1072	19	2026-06-11 12:23:11.036110015 +0100
docs/audit/2026-06-11-full-repo-audit/cleanup-except-pi/per-repo/after.Junk-Runner-bevy.git.txt	1329	22	2026-06-11 12:23:10.931108228 +0100
docs/audit/2026-06-11-full-repo-audit/cleanup-except-pi/per-repo/after.kiki-sassy-desktop-announcer.git.txt	1216	19	2026-06-11 12:23:11.159112108 +0100
docs/audit/2026-06-11-full-repo-audit/cleanup-except-pi/per-repo/after.one-mil-girls.git.txt	1633	19	2026-06-11 12:23:10.941108398 +0100
docs/audit/2026-06-11-full-repo-audit/cleanup-except-pi/per-repo/after.pully-fully-pull-based-fleet-reconciler.git.txt	1602	19	2026-06-11 12:23:10.920108040 +0100
docs/audit/2026-06-11-full-repo-audit/cleanup-except-pi/per-repo/after.rust-ai-web-auto.git.txt	1609	19	2026-06-11 12:23:11.001109419 +0100
docs/audit/2026-06-11-full-repo-audit/cleanup-except-pi/per-repo/after.video-factory.git.txt	1083	19	2026-06-11 12:23:11.119111427 +0100
docs/audit/2026-06-11-full-repo-audit/cleanup-except-pi/per-repo/after.video-uploader.git.txt	1223	19	2026-06-11 12:23:11.109111257 +0100
docs/audit/2026-06-11-full-repo-audit/cleanup-except-pi/per-repo/after.youtube-video-uploader.git.txt	1070	19	2026-06-11 12:23:11.139111767 +0100
docs/audit/2026-06-11-full-repo-audit/cleanup-except-pi/per-repo/before.ai-auto-repo-rot-scanner-todo-agent.git.txt	1393	19	2026-06-11 12:13:32.346166089 +0100
docs/audit/2026-06-11-full-repo-audit/cleanup-except-pi/per-repo/before.ai-auto-writer.git.txt	1203	20	2026-06-11 12:13:32.387166804 +0100
docs/audit/2026-06-11-full-repo-audit/cleanup-except-pi/per-repo/before.avid.git.txt	1434	20	2026-06-11 12:13:32.434167623 +0100
docs/audit/2026-06-11-full-repo-audit/cleanup-except-pi/per-repo/before.browser-extensions-shared.git.txt	4345	30	2026-06-11 12:13:32.268164731 +0100
docs/audit/2026-06-11-full-repo-audit/cleanup-except-pi/per-repo/before.dracon-ai-lib.git.txt	1100	15	2026-06-11 12:13:32.310165462 +0100
docs/audit/2026-06-11-full-repo-audit/cleanup-except-pi/per-repo/before.dracon-code.git.txt	12833	29	2026-06-11 12:13:32.040160759 +0100
docs/audit/2026-06-11-full-repo-audit/cleanup-except-pi/per-repo/before.DraconDev.git.txt	1327	19	2026-06-11 12:13:32.360166333 +0100
docs/audit/2026-06-11-full-repo-audit/cleanup-except-pi/per-repo/before..dracon.git.txt	1229	19	2026-06-11 12:13:32.296165218 +0100
docs/audit/2026-06-11-full-repo-audit/cleanup-except-pi/per-repo/before.dracon-libs.git.txt	1034	19	2026-06-11 12:13:32.459168058 +0100
docs/audit/2026-06-11-full-repo-audit/cleanup-except-pi/per-repo/before.dracon-platform.git.txt	3810	33	2026-06-11 12:13:32.125162239 +0100
docs/audit/2026-06-11-full-repo-audit/cleanup-except-pi/per-repo/before.dracon-utilities.git.txt	4538	37	2026-06-11 12:13:32.097161751 +0100
docs/audit/2026-06-11-full-repo-audit/cleanup-except-pi/per-repo/before.folder-auto-banner.git.txt	1072	19	2026-06-11 12:13:32.324165706 +0100
docs/audit/2026-06-11-full-repo-audit/cleanup-except-pi/per-repo/before.Junk-Runner-bevy.git.txt	1318	22	2026-06-11 12:13:32.068161246 +0100
docs/audit/2026-06-11-full-repo-audit/cleanup-except-pi/per-repo/before.kiki-sassy-desktop-announcer.git.txt	1216	19	2026-06-11 12:13:32.472168285 +0100
docs/audit/2026-06-11-full-repo-audit/cleanup-except-pi/per-repo/before.one-mil-girls.git.txt	1314	19	2026-06-11 12:13:32.081161473 +0100
docs/audit/2026-06-11-full-repo-audit/cleanup-except-pi/per-repo/before.pully-fully-pull-based-fleet-reconciler.git.txt	1818	20	2026-06-11 12:13:32.053160984 +0100
docs/audit/2026-06-11-full-repo-audit/cleanup-except-pi/per-repo/before.rust-ai-web-auto.git.txt	1776	23	2026-06-11 12:13:32.282164974 +0100
docs/audit/2026-06-11-full-repo-audit/cleanup-except-pi/per-repo/before.video-factory.git.txt	1083	19	2026-06-11 12:13:32.420167378 +0100
docs/audit/2026-06-11-full-repo-audit/cleanup-except-pi/per-repo/before.video-uploader.git.txt	1223	19	2026-06-11 12:13:32.405167117 +0100
docs/audit/2026-06-11-full-repo-audit/cleanup-except-pi/per-repo/before.youtube-video-uploader.git.txt	1070	19	2026-06-11 12:13:32.446167831 +0100
docs/audit/2026-06-11-full-repo-audit/cleanup-except-pi/per-repo/repos.tsv	695	20	2026-06-11 12:13:32.023365710 +0100
docs/audit/2026-06-11-full-repo-audit/cleanup-except-pi/pi-proof/after.ai-auto-repo-rot-scanner-todo-agent.pi-files.txt	180	3	2026-06-11 12:20:01.558877595 +0100
docs/audit/2026-06-11-full-repo-audit/cleanup-except-pi/pi-proof/after.ai-auto-repo-rot-scanner-todo-agent.pi-untracked.txt	0	0	2026-06-11 12:20:01.558877595 +0100
docs/audit/2026-06-11-full-repo-audit/cleanup-except-pi/pi-proof/after.ai-auto-writer.pi-files.txt	300	5	2026-06-11 12:20:01.573877852 +0100
docs/audit/2026-06-11-full-repo-audit/cleanup-except-pi/pi-proof/after.ai-auto-writer.pi-untracked.txt	0	0	2026-06-11 12:20:01.573877852 +0100
docs/audit/2026-06-11-full-repo-audit/cleanup-except-pi/pi-proof/after.avid.pi-files.txt	1200	20	2026-06-11 12:20:01.595878229 +0100
docs/audit/2026-06-11-full-repo-audit/cleanup-except-pi/pi-proof/after.avid.pi-untracked.txt	0	0	2026-06-11 12:20:01.595878229 +0100
docs/audit/2026-06-11-full-repo-audit/cleanup-except-pi/pi-proof/after.browser-extensions-shared.pi-files.txt	0	0	2026-06-11 12:20:01.523876997 +0100
docs/audit/2026-06-11-full-repo-audit/cleanup-except-pi/pi-proof/after.browser-extensions-shared.pi-untracked.txt	0	0	2026-06-11 12:20:01.524877014 +0100
docs/audit/2026-06-11-full-repo-audit/cleanup-except-pi/pi-proof/after.dracon-ai-lib.pi-files.txt	1828	31	2026-06-11 12:20:01.543877339 +0100
docs/audit/2026-06-11-full-repo-audit/cleanup-except-pi/pi-proof/after.dracon-ai-lib.pi-untracked.txt	0	0	2026-06-11 12:20:01.544877356 +0100
docs/audit/2026-06-11-full-repo-audit/cleanup-except-pi/pi-proof/after.dracon-code.pi-files.txt	358	6	2026-06-11 12:20:01.482876295 +0100
docs/audit/2026-06-11-full-repo-audit/cleanup-except-pi/pi-proof/after.dracon-code.pi-untracked.txt	0	0	2026-06-11 12:20:01.482876295 +0100
docs/audit/2026-06-11-full-repo-audit/cleanup-except-pi/pi-proof/after.DraconDev.pi-files.txt	780	13	2026-06-11 12:20:01.565877715 +0100
docs/audit/2026-06-11-full-repo-audit/cleanup-except-pi/pi-proof/after.DraconDev.pi-untracked.txt	0	0	2026-06-11 12:20:01.565877715 +0100
docs/audit/2026-06-11-full-repo-audit/cleanup-except-pi/pi-proof/after.dracon-libs.pi-files.txt	0	0	2026-06-11 12:20:01.607878434 +0100
docs/audit/2026-06-11-full-repo-audit/cleanup-except-pi/pi-proof/after.dracon-libs.pi-untracked.txt	0	0	2026-06-11 12:20:01.608878451 +0100
docs/audit/2026-06-11-full-repo-audit/cleanup-except-pi/pi-proof/after..dracon.pi-files.txt	0	0	2026-06-11 12:20:01.536877219 +0100
docs/audit/2026-06-11-full-repo-audit/cleanup-except-pi/pi-proof/after..dracon.pi-untracked.txt	0	0	2026-06-11 12:20:01.537877236 +0100
docs/audit/2026-06-11-full-repo-audit/cleanup-except-pi/pi-proof/after.dracon-platform.pi-files.txt	3060	51	2026-06-11 12:20:01.517876894 +0100
docs/audit/2026-06-11-full-repo-audit/cleanup-except-pi/pi-proof/after.dracon-platform.pi-untracked.txt	0	0	2026-06-11 12:20:01.517876894 +0100
docs/audit/2026-06-11-full-repo-audit/cleanup-except-pi/pi-proof/after.dracon-utilities.pi-files.txt	2460	41	2026-06-11 12:20:01.510876774 +0100
docs/audit/2026-06-11-full-repo-audit/cleanup-except-pi/pi-proof/after.dracon-utilities.pi-untracked.txt	0	0	2026-06-11 12:20:01.511876791 +0100
docs/audit/2026-06-11-full-repo-audit/cleanup-except-pi/pi-proof/after.folder-auto-banner.pi-files.txt	1500	25	2026-06-11 12:20:01.551877476 +0100
docs/audit/2026-06-11-full-repo-audit/cleanup-except-pi/pi-proof/after.folder-auto-banner.pi-untracked.txt	0	0	2026-06-11 12:20:01.551877476 +0100
docs/audit/2026-06-11-full-repo-audit/cleanup-except-pi/pi-proof/after.Junk-Runner-bevy.pi-files.txt	2385	44	2026-06-11 12:20:01.496876535 +0100
docs/audit/2026-06-11-full-repo-audit/cleanup-except-pi/pi-proof/after.Junk-Runner-bevy.pi-untracked.txt	0	0	2026-06-11 12:20:01.496876535 +0100
docs/audit/2026-06-11-full-repo-audit/cleanup-except-pi/pi-proof/after.kiki-sassy-desktop-announcer.pi-files.txt	0	0	2026-06-11 12:20:01.613878536 +0100
docs/audit/2026-06-11-full-repo-audit/cleanup-except-pi/pi-proof/after.kiki-sassy-desktop-announcer.pi-untracked.txt	0	0	2026-06-11 12:20:01.614878553 +0100
docs/audit/2026-06-11-full-repo-audit/cleanup-except-pi/pi-proof/after.one-mil-girls.pi-files.txt	2006	34	2026-06-11 12:20:01.503876655 +0100
docs/audit/2026-06-11-full-repo-audit/cleanup-except-pi/pi-proof/after.one-mil-girls.pi-untracked.txt	0	0	2026-06-11 12:20:01.503876655 +0100
docs/audit/2026-06-11-full-repo-audit/cleanup-except-pi/pi-proof/after.pully-fully-pull-based-fleet-reconciler.pi-files.txt	1018	17	2026-06-11 12:20:01.489876415 +0100
docs/audit/2026-06-11-full-repo-audit/cleanup-except-pi/pi-proof/after.pully-fully-pull-based-fleet-reconciler.pi-untracked.txt	0	0	2026-06-11 12:20:01.490876432 +0100
docs/audit/2026-06-11-full-repo-audit/cleanup-except-pi/pi-proof/after.rust-ai-web-auto.pi-files.txt	1618	27	2026-06-11 12:20:01.531877134 +0100
docs/audit/2026-06-11-full-repo-audit/cleanup-except-pi/pi-proof/after.rust-ai-web-auto.pi-untracked.txt	0	0	2026-06-11 12:20:01.531877134 +0100
docs/audit/2026-06-11-full-repo-audit/cleanup-except-pi/pi-proof/after.video-factory.pi-files.txt	0	0	2026-06-11 12:20:01.587878092 +0100
docs/audit/2026-06-11-full-repo-audit/cleanup-except-pi/pi-proof/after.video-factory.pi-untracked.txt	0	0	2026-06-11 12:20:01.588878109 +0100
docs/audit/2026-06-11-full-repo-audit/cleanup-except-pi/pi-proof/after.video-uploader.pi-files.txt	0	0	2026-06-11 12:20:01.580877972 +0100
docs/audit/2026-06-11-full-repo-audit/cleanup-except-pi/pi-proof/after.video-uploader.pi-untracked.txt	0	0	2026-06-11 12:20:01.581877989 +0100
docs/audit/2026-06-11-full-repo-audit/cleanup-except-pi/pi-proof/after.youtube-video-uploader.pi-files.txt	0	0	2026-06-11 12:20:01.601878331 +0100
docs/audit/2026-06-11-full-repo-audit/cleanup-except-pi/pi-proof/after.youtube-video-uploader.pi-untracked.txt	0	0	2026-06-11 12:20:01.602878348 +0100
docs/audit/2026-06-11-full-repo-audit/cleanup-except-pi/pi-proof/ai-auto-repo-rot-scanner-todo-agent.pi-files.diff	0	0	2026-06-11 12:20:01.560877630 +0100
docs/audit/2026-06-11-full-repo-audit/cleanup-except-pi/pi-proof/ai-auto-repo-rot-scanner-todo-agent.pi-untracked.diff	0	0	2026-06-11 12:20:01.561877647 +0100
docs/audit/2026-06-11-full-repo-audit/cleanup-except-pi/pi-proof/ai-auto-writer.pi-files.diff	0	0	2026-06-11 12:20:01.576877903 +0100
docs/audit/2026-06-11-full-repo-audit/cleanup-except-pi/pi-proof/ai-auto-writer.pi-untracked.diff	0	0	2026-06-11 12:20:01.577877920 +0100
docs/audit/2026-06-11-full-repo-audit/cleanup-except-pi/pi-proof/avid.pi-files.diff	0	0	2026-06-11 12:20:01.597878263 +0100
docs/audit/2026-06-11-full-repo-audit/cleanup-except-pi/pi-proof/avid.pi-untracked.diff	0	0	2026-06-11 12:20:01.598878280 +0100
docs/audit/2026-06-11-full-repo-audit/cleanup-except-pi/pi-proof/before.ai-auto-repo-rot-scanner-todo-agent.pi-files.txt	180	3	2026-06-11 12:13:32.348166124 +0100
docs/audit/2026-06-11-full-repo-audit/cleanup-except-pi/pi-proof/before.ai-auto-repo-rot-scanner-todo-agent.pi-untracked.txt	0	0	2026-06-11 12:13:32.348166124 +0100
docs/audit/2026-06-11-full-repo-audit/cleanup-except-pi/pi-proof/before.ai-auto-writer.pi-files.txt	300	5	2026-06-11 12:13:32.389166838 +0100
docs/audit/2026-06-11-full-repo-audit/cleanup-except-pi/pi-proof/before.ai-auto-writer.pi-untracked.txt	0	0	2026-06-11 12:13:32.390166856 +0100
docs/audit/2026-06-11-full-repo-audit/cleanup-except-pi/pi-proof/before.avid.pi-files.txt	1200	20	2026-06-11 12:13:32.435167639 +0100
docs/audit/2026-06-11-full-repo-audit/cleanup-except-pi/pi-proof/before.avid.pi-untracked.txt	0	0	2026-06-11 12:13:32.436167657 +0100
docs/audit/2026-06-11-full-repo-audit/cleanup-except-pi/pi-proof/before.browser-extensions-shared.pi-files.txt	0	0	2026-06-11 12:13:32.268164731 +0100
docs/audit/2026-06-11-full-repo-audit/cleanup-except-pi/pi-proof/before.browser-extensions-shared.pi-untracked.txt	0	0	2026-06-11 12:13:32.270164765 +0100
docs/audit/2026-06-11-full-repo-audit/cleanup-except-pi/pi-proof/before.dracon-ai-lib.pi-files.txt	1828	31	2026-06-11 12:13:32.311165479 +0100
docs/audit/2026-06-11-full-repo-audit/cleanup-except-pi/pi-proof/before.dracon-ai-lib.pi-untracked.txt	0	0	2026-06-11 12:13:32.312165497 +0100
docs/audit/2026-06-11-full-repo-audit/cleanup-except-pi/pi-proof/before.dracon-code.pi-files.txt	358	6	2026-06-11 12:13:32.041160775 +0100
docs/audit/2026-06-11-full-repo-audit/cleanup-except-pi/pi-proof/before.dracon-code.pi-untracked.txt	0	0	2026-06-11 12:13:32.041160775 +0100
docs/audit/2026-06-11-full-repo-audit/cleanup-except-pi/pi-proof/before.DraconDev.pi-files.txt	780	13	2026-06-11 12:13:32.362166368 +0100
docs/audit/2026-06-11-full-repo-audit/cleanup-except-pi/pi-proof/before.DraconDev.pi-untracked.txt	0	0	2026-06-11 12:13:32.362166368 +0100
docs/audit/2026-06-11-full-repo-audit/cleanup-except-pi/pi-proof/before.dracon-libs.pi-files.txt	0	0	2026-06-11 12:13:32.459168058 +0100
docs/audit/2026-06-11-full-repo-audit/cleanup-except-pi/pi-proof/before.dracon-libs.pi-untracked.txt	0	0	2026-06-11 12:13:32.461168093 +0100
docs/audit/2026-06-11-full-repo-audit/cleanup-except-pi/pi-proof/before..dracon.pi-files.txt	0	0	2026-06-11 12:13:32.296165218 +0100
docs/audit/2026-06-11-full-repo-audit/cleanup-except-pi/pi-proof/before..dracon.pi-untracked.txt	0	0	2026-06-11 12:13:32.298165253 +0100
docs/audit/2026-06-11-full-repo-audit/cleanup-except-pi/pi-proof/before.dracon-platform.pi-files.txt	3060	51	2026-06-11 12:13:32.127162274 +0100
docs/audit/2026-06-11-full-repo-audit/cleanup-except-pi/pi-proof/before.dracon-platform.pi-untracked.txt	0	0	2026-06-11 12:13:32.128162292 +0100
docs/audit/2026-06-11-full-repo-audit/cleanup-except-pi/pi-proof/before.dracon-utilities.pi-files.txt	2460	41	2026-06-11 12:13:32.099161786 +0100
docs/audit/2026-06-11-full-repo-audit/cleanup-except-pi/pi-proof/before.dracon-utilities.pi-untracked.txt	0	0	2026-06-11 12:13:32.099161786 +0100
docs/audit/2026-06-11-full-repo-audit/cleanup-except-pi/pi-proof/before.folder-auto-banner.pi-files.txt	1500	25	2026-06-11 12:13:32.325165724 +0100
docs/audit/2026-06-11-full-repo-audit/cleanup-except-pi/pi-proof/before.folder-auto-banner.pi-untracked.txt	0	0	2026-06-11 12:13:32.326165741 +0100
docs/audit/2026-06-11-full-repo-audit/cleanup-except-pi/pi-proof/before.Junk-Runner-bevy.pi-files.txt	2385	44	2026-06-11 12:13:32.070161281 +0100
docs/audit/2026-06-11-full-repo-audit/cleanup-except-pi/pi-proof/before.Junk-Runner-bevy.pi-untracked.txt	0	0	2026-06-11 12:13:32.070161281 +0100
docs/audit/2026-06-11-full-repo-audit/cleanup-except-pi/pi-proof/before.kiki-sassy-desktop-announcer.pi-files.txt	0	0	2026-06-11 12:13:32.472168285 +0100
docs/audit/2026-06-11-full-repo-audit/cleanup-except-pi/pi-proof/before.kiki-sassy-desktop-announcer.pi-untracked.txt	0	0	2026-06-11 12:13:32.473168302 +0100
docs/audit/2026-06-11-full-repo-audit/cleanup-except-pi/pi-proof/before.one-mil-girls.pi-files.txt	2006	34	2026-06-11 12:13:32.083161507 +0100
docs/audit/2026-06-11-full-repo-audit/cleanup-except-pi/pi-proof/before.one-mil-girls.pi-untracked.txt	0	0	2026-06-11 12:13:32.083161507 +0100
docs/audit/2026-06-11-full-repo-audit/cleanup-except-pi/pi-proof/before.pully-fully-pull-based-fleet-reconciler.pi-files.txt	1018	17	2026-06-11 12:13:32.054161002 +0100
docs/audit/2026-06-11-full-repo-audit/cleanup-except-pi/pi-proof/before.pully-fully-pull-based-fleet-reconciler.pi-untracked.txt	0	0	2026-06-11 12:13:32.055161020 +0100
docs/audit/2026-06-11-full-repo-audit/cleanup-except-pi/pi-proof/before.rust-ai-web-auto.pi-files.txt	1618	27	2026-06-11 12:13:32.284165009 +0100
docs/audit/2026-06-11-full-repo-audit/cleanup-except-pi/pi-proof/before.rust-ai-web-auto.pi-untracked.txt	0	0	2026-06-11 12:13:32.284165009 +0100
docs/audit/2026-06-11-full-repo-audit/cleanup-except-pi/pi-proof/before.video-factory.pi-files.txt	0	0	2026-06-11 12:13:32.420167378 +0100
docs/audit/2026-06-11-full-repo-audit/cleanup-except-pi/pi-proof/before.video-factory.pi-untracked.txt	0	0	2026-06-11 12:13:32.422167414 +0100
docs/audit/2026-06-11-full-repo-audit/cleanup-except-pi/pi-proof/before.video-uploader.pi-files.txt	0	0	2026-06-11 12:13:32.405167117 +0100
docs/audit/2026-06-11-full-repo-audit/cleanup-except-pi/pi-proof/before.video-uploader.pi-untracked.txt	0	0	2026-06-11 12:13:32.407167152 +0100
docs/audit/2026-06-11-full-repo-audit/cleanup-except-pi/pi-proof/before.youtube-video-uploader.pi-files.txt	0	0	2026-06-11 12:13:32.446167831 +0100
docs/audit/2026-06-11-full-repo-audit/cleanup-except-pi/pi-proof/before.youtube-video-uploader.pi-untracked.txt	0	0	2026-06-11 12:13:32.449000829 +0100
docs/audit/2026-06-11-full-repo-audit/cleanup-except-pi/pi-proof/browser-extensions-shared.pi-files.diff	0	0	2026-06-11 12:20:01.526877048 +0100
docs/audit/2026-06-11-full-repo-audit/cleanup-except-pi/pi-proof/browser-extensions-shared.pi-untracked.diff	0	0	2026-06-11 12:20:01.527877065 +0100
docs/audit/2026-06-11-full-repo-audit/cleanup-except-pi/pi-proof/dracon-ai-lib.pi-files.diff	0	0	2026-06-11 12:20:01.545877373 +0100
docs/audit/2026-06-11-full-repo-audit/cleanup-except-pi/pi-proof/dracon-ai-lib.pi-untracked.diff	0	0	2026-06-11 12:20:01.547877407 +0100
docs/audit/2026-06-11-full-repo-audit/cleanup-except-pi/pi-proof/dracon-code.pi-files.diff	0	0	2026-06-11 12:20:01.484876330 +0100
docs/audit/2026-06-11-full-repo-audit/cleanup-except-pi/pi-proof/dracon-code.pi-untracked.diff	0	0	2026-06-11 12:20:01.486876364 +0100
docs/audit/2026-06-11-full-repo-audit/cleanup-except-pi/pi-proof/DraconDev.pi-files.diff	0	0	2026-06-11 12:20:01.567877749 +0100
docs/audit/2026-06-11-full-repo-audit/cleanup-except-pi/pi-proof/DraconDev.pi-untracked.diff	0	0	2026-06-11 12:20:01.568877766 +0100
docs/audit/2026-06-11-full-repo-audit/cleanup-except-pi/pi-proof/dracon-libs.pi-files.diff	0	0	2026-06-11 12:20:01.609878468 +0100
docs/audit/2026-06-11-full-repo-audit/cleanup-except-pi/pi-proof/dracon-libs.pi-untracked.diff	0	0	2026-06-11 12:20:01.610878485 +0100
docs/audit/2026-06-11-full-repo-audit/cleanup-except-pi/pi-proof/.dracon.pi-files.diff	0	0	2026-06-11 12:20:01.539877271 +0100
docs/audit/2026-06-11-full-repo-audit/cleanup-except-pi/pi-proof/.dracon.pi-untracked.diff	0	0	2026-06-11 12:20:01.539877271 +0100
docs/audit/2026-06-11-full-repo-audit/cleanup-except-pi/pi-proof/dracon-platform.pi-files.diff	0	0	2026-06-11 12:20:01.520876945 +0100
docs/audit/2026-06-11-full-repo-audit/cleanup-except-pi/pi-proof/dracon-platform.pi-untracked.diff	0	0	2026-06-11 12:20:01.520876945 +0100
docs/audit/2026-06-11-full-repo-audit/cleanup-except-pi/pi-proof/dracon-utilities.pi-files.diff	0	0	2026-06-11 12:20:01.512876808 +0100
docs/audit/2026-06-11-full-repo-audit/cleanup-except-pi/pi-proof/dracon-utilities.pi-untracked.diff	0	0	2026-06-11 12:20:01.513876826 +0100
docs/audit/2026-06-11-full-repo-audit/cleanup-except-pi/pi-proof/folder-auto-banner.pi-files.diff	0	0	2026-06-11 12:20:01.553877510 +0100
docs/audit/2026-06-11-full-repo-audit/cleanup-except-pi/pi-proof/folder-auto-banner.pi-untracked.diff	0	0	2026-06-11 12:20:01.554877527 +0100
docs/audit/2026-06-11-full-repo-audit/cleanup-except-pi/pi-proof/Junk-Runner-bevy.pi-files.diff	0	0	2026-06-11 12:20:01.498876569 +0100
docs/audit/2026-06-11-full-repo-audit/cleanup-except-pi/pi-proof/Junk-Runner-bevy.pi-untracked.diff	0	0	2026-06-11 12:20:01.499876586 +0100
docs/audit/2026-06-11-full-repo-audit/cleanup-except-pi/pi-proof/kiki-sassy-desktop-announcer.pi-files.diff	0	0	2026-06-11 12:20:01.616878587 +0100
docs/audit/2026-06-11-full-repo-audit/cleanup-except-pi/pi-proof/kiki-sassy-desktop-announcer.pi-untracked.diff	0	0	2026-06-11 12:20:01.617878605 +0100
docs/audit/2026-06-11-full-repo-audit/cleanup-except-pi/pi-proof/one-mil-girls.pi-files.diff	0	0	2026-06-11 12:20:01.505876689 +0100
docs/audit/2026-06-11-full-repo-audit/cleanup-except-pi/pi-proof/one-mil-girls.pi-untracked.diff	0	0	2026-06-11 12:20:01.506876706 +0100
docs/audit/2026-06-11-full-repo-audit/cleanup-except-pi/pi-proof/pully-fully-pull-based-fleet-reconciler.pi-files.diff	0	0	2026-06-11 12:20:01.491876450 +0100
docs/audit/2026-06-11-full-repo-audit/cleanup-except-pi/pi-proof/pully-fully-pull-based-fleet-reconciler.pi-untracked.diff	0	0	2026-06-11 12:20:01.492876467 +0100
docs/audit/2026-06-11-full-repo-audit/cleanup-except-pi/pi-proof/rust-ai-web-auto.pi-files.diff	0	0	2026-06-11 12:20:01.533877168 +0100
docs/audit/2026-06-11-full-repo-audit/cleanup-except-pi/pi-proof/rust-ai-web-auto.pi-untracked.diff	0	0	2026-06-11 12:20:01.533877168 +0100
docs/audit/2026-06-11-full-repo-audit/cleanup-except-pi/pi-proof/video-factory.pi-files.diff	0	0	2026-06-11 12:20:01.590878143 +0100
docs/audit/2026-06-11-full-repo-audit/cleanup-except-pi/pi-proof/video-factory.pi-untracked.diff	0	0	2026-06-11 12:20:01.591878160 +0100
docs/audit/2026-06-11-full-repo-audit/cleanup-except-pi/pi-proof/video-uploader.pi-files.diff	0	0	2026-06-11 12:20:01.583878023 +0100
docs/audit/2026-06-11-full-repo-audit/cleanup-except-pi/pi-proof/video-uploader.pi-untracked.diff	0	0	2026-06-11 12:20:01.584878040 +0100
docs/audit/2026-06-11-full-repo-audit/cleanup-except-pi/pi-proof/youtube-video-uploader.pi-files.diff	0	0	2026-06-11 12:20:01.604878383 +0100
docs/audit/2026-06-11-full-repo-audit/cleanup-except-pi/pi-proof/youtube-video-uploader.pi-untracked.diff	0	0	2026-06-11 12:20:01.604878383 +0100
docs/audit/2026-06-11-full-repo-audit/cleanup-except-pi/REPORT.md	5796	116	2026-06-11 12:29:53.947943508 +0100
docs/audit/2026-06-11-full-repo-audit/cleanup-except-pi/validation-logs/ai-auto-repo-rot-scanner-todo-agent.cleanup-validation.log	33569	618	2026-06-11 12:27:04.932081908 +0100
docs/audit/2026-06-11-full-repo-audit/cleanup-except-pi/validation-logs/one-mil-girls.cleanup-validation.log	5478	66	2026-06-11 12:27:07.988133704 +0100
docs/audit/2026-06-11-full-repo-audit/cleanup-except-pi/validation-logs/workspace-validation.log	56816	1032	2026-06-11 12:25:57.248383628 +0100
docs/audit/2026-06-11-full-repo-audit/dracon-ai-lib-stuck-investigation/after-fix.txt	420	6	2026-06-11 13:37:32.886065297 +0100
docs/audit/2026-06-11-full-repo-audit/dracon-ai-lib-stuck-investigation/final-git-evidence.txt	678	15	2026-06-11 13:38:53.052695161 +0100
docs/audit/2026-06-11-full-repo-audit/dracon-ai-lib-stuck-investigation/git-evidence.txt	9371	136	2026-06-11 13:36:23.827618278 +0100
docs/audit/2026-06-11-full-repo-audit/dracon-ai-lib-stuck-investigation/inventory-after-final.json	12554	472	2026-06-11 13:38:23.170093412 +0100
docs/audit/2026-06-11-full-repo-audit/dracon-ai-lib-stuck-investigation/inventory-after-final.tsv	199	2	2026-06-11 13:38:23.186799397 +0100
docs/audit/2026-06-11-full-repo-audit/dracon-ai-lib-stuck-investigation/inventory-after.json	12557	473	2026-06-11 13:37:32.857064698 +0100
docs/audit/2026-06-11-full-repo-audit/dracon-ai-lib-stuck-investigation/inventory-after.tsv	205	2	2026-06-11 13:37:32.878099891 +0100
docs/audit/2026-06-11-full-repo-audit/dracon-ai-lib-stuck-investigation/inventory-before.json	12522	472	2026-06-11 13:36:06.208241997 +0100
docs/audit/2026-06-11-full-repo-audit/dracon-ai-lib-stuck-investigation/inventory-before.tsv	199	2	2026-06-11 13:36:06.230097129 +0100
docs/audit/2026-06-11-full-repo-audit/dracon-ai-lib-stuck-investigation/inventory-final-audit.json	12590	472	2026-06-11 13:39:53.406891360 +0100
docs/audit/2026-06-11-full-repo-audit/dracon-ai-lib-stuck-investigation/inventory-final-audit.tsv	199	2	2026-06-11 13:39:53.428269710 +0100
docs/audit/2026-06-11-full-repo-audit/dracon-ai-lib-stuck-investigation/REPORT.md	7470	226	2026-06-11 13:39:15.610145140 +0100
docs/audit/2026-06-11-full-repo-audit/dracon-ai-lib-stuck-investigation/sync-evidence.txt	9762	34	2026-06-11 13:36:36.773892855 +0100
docs/audit/2026-06-11-full-repo-audit/dracon-ai-lib-stuck-investigation/validation-fixed.log	13305	287	2026-06-11 13:37:21.567831030 +0100
docs/audit/2026-06-11-full-repo-audit/dracon-ai-lib-stuck-investigation/validation.log	14447	306	2026-06-11 13:36:49.582162961 +0100
docs/audit/2026-06-11-full-repo-audit/dracon-ai-lib-unarchive/current-state.txt	12905	354	2026-06-11 14:07:21.533187792 +0100
docs/audit/2026-06-11-full-repo-audit/dracon-ai-lib-unarchive/git-push.log	51	2	2026-06-11 14:12:11.980257017 +0100
docs/audit/2026-06-11-full-repo-audit/dracon-ai-lib-unarchive/inventory-after.json	11777	448	2026-06-11 14:12:37.135690483 +0100
docs/audit/2026-06-11-full-repo-audit/dracon-ai-lib-unarchive/inventory-after.tsv	140	2	2026-06-11 14:12:37.150927322 +0100
docs/audit/2026-06-11-full-repo-audit/dracon-ai-lib-unarchive/inventory-before.json	11854	449	2026-06-11 14:06:48.234597122 +0100
docs/audit/2026-06-11-full-repo-audit/dracon-ai-lib-unarchive/inventory-before.tsv	199	2	2026-06-11 14:06:48.258426880 +0100
docs/audit/2026-06-11-full-repo-audit/dracon-ai-lib-unarchive/inventory-final-audit.json	11942	449	2026-06-11 14:14:06.706228418 +0100
docs/audit/2026-06-11-full-repo-audit/dracon-ai-lib-unarchive/inventory-final-audit.tsv	140	2	2026-06-11 14:14:06.722619540 +0100
docs/audit/2026-06-11-full-repo-audit/dracon-ai-lib-unarchive/post-verification.txt	2116	25	2026-06-11 14:12:37.631699023 +0100
docs/audit/2026-06-11-full-repo-audit/dracon-ai-lib-unarchive/rationale-evidence.txt	32355	211	2026-06-11 14:06:49.054611696 +0100
docs/audit/2026-06-11-full-repo-audit/dracon-ai-lib-unarchive/REPORT.md	4709	177	2026-06-11 14:13:57.835076457 +0100
docs/audit/2026-06-11-full-repo-audit/dracon-ai-lib-unarchive/sync-now.log	220	3	2026-06-11 14:11:47.460086693 +0100
docs/audit/2026-06-11-full-repo-audit/dracon-ai-lib-unarchive/unarchive-api-attempt.log	221	2	2026-06-11 14:08:09.505034767 +0100
docs/audit/2026-06-11-full-repo-audit/dracon-ai-lib-unarchive/validation-after-unarchive.log	13116	283	2026-06-11 14:10:27.796453468 +0100
docs/audit/2026-06-11-full-repo-audit/dracon-ai-use-or-scrap/evidence/ai-runtime-cargo-test.log	4814	87	2026-06-11 18:53:38.248092396 +0100
docs/audit/2026-06-11-full-repo-audit/dracon-ai-use-or-scrap/evidence/ai-runtime-inventory.md	6950	157	2026-06-11 18:53:37.134075618 +0100
docs/audit/2026-06-11-full-repo-audit/dracon-ai-use-or-scrap/evidence/consumer-reference-search.md	44542	246	2026-06-11 18:53:06.919622001 +0100
docs/audit/2026-06-11-full-repo-audit/dracon-ai-use-or-scrap/evidence/dracon-ai-cargo-clippy.log	12711	347	2026-06-11 18:52:56.640468334 +0100
docs/audit/2026-06-11-full-repo-audit/dracon-ai-use-or-scrap/evidence/dracon-ai-cargo-fmt-check.log	0	0	2026-06-11 18:52:49.643363925 +0100
docs/audit/2026-06-11-full-repo-audit/dracon-ai-use-or-scrap/evidence/dracon-ai-cargo-test.log	2252	49	2026-06-11 18:52:49.636363821 +0100
docs/audit/2026-06-11-full-repo-audit/dracon-ai-use-or-scrap/evidence/dracon-ai-crate-inventory.md	179398	2205	2026-06-11 18:50:13.727176840 +0100
docs/audit/2026-06-11-full-repo-audit/dracon-ai-use-or-scrap/evidence/dracon-ai-help-smoke.log	2178	50	2026-06-11 18:53:18.712798718 +0100
docs/audit/2026-06-11-full-repo-audit/dracon-ai-use-or-scrap/evidence/dracon-ai-source.md	8359	262	2026-06-11 18:52:47.854337256 +0100
docs/audit/2026-06-11-full-repo-audit/dracon-ai-use-or-scrap/evidence/final-cargo-fmt-check.log	0	0	2026-06-11 19:15:15.637559265 +0100
docs/audit/2026-06-11-full-repo-audit/dracon-ai-use-or-scrap/evidence/final-cargo-test.log	55692	1000	2026-06-11 19:16:40.893003167 +0100
docs/audit/2026-06-11-full-repo-audit/dracon-ai-use-or-scrap/evidence/final-dracon-libs-cargo-fmt-check.log	0	0	2026-06-11 19:16:40.922003658 +0100
docs/audit/2026-06-11-full-repo-audit/dracon-ai-use-or-scrap/evidence/final-dracon-libs-cargo-test.log	10944	84	2026-06-11 19:12:37.970876647 +0100
docs/audit/2026-06-11-full-repo-audit/dracon-ai-use-or-scrap/evidence/final-dracon-memory-runtime-blocker.log	4620	10	2026-06-11 19:14:49.413114260 +0100
docs/audit/2026-06-11-full-repo-audit/dracon-ai-use-or-scrap/evidence/final-evidence.md	5078	84	2026-06-11 19:11:38.757864131 +0100
docs/audit/2026-06-11-full-repo-audit/dracon-ai-use-or-scrap/evidence/final-focused-dracon-libs-cargo-test.log	5304	106	2026-06-11 19:16:42.194025171 +0100
docs/audit/2026-06-11-full-repo-audit/dracon-ai-use-or-scrap/evidence/initial-inventory.md	819605	4267	2026-06-11 18:50:02.781927437 +0100
docs/audit/2026-06-11-full-repo-audit/dracon-ai-use-or-scrap/evidence/post-scrap-cargo-fmt-check.log	0	0	2026-06-11 19:10:30.480692525 +0100
docs/audit/2026-06-11-full-repo-audit/dracon-ai-use-or-scrap/evidence/post-scrap-cargo-test.log	55510	998	2026-06-11 19:11:19.423532830 +0100
docs/audit/2026-06-11-full-repo-audit/dracon-ai-use-or-scrap/evidence/pre-removal-dracon-ai-cli-snapshot.md	333165	3457	2026-06-11 19:06:28.503495011 +0100
docs/audit/2026-06-11-full-repo-audit/dracon-ai-use-or-scrap/REPORT.md	6212	106	2026-06-11 19:15:08.110431580 +0100
docs/audit/2026-06-11-full-repo-audit/final/deps/deps.tsv	164	7	2026-06-11 07:23:21.939728167 +0100
docs/audit/2026-06-11-full-repo-audit/final/deps/dracon-code.cargo-deny.log	2594	54	2026-06-11 07:23:20.695706940 +0100
docs/audit/2026-06-11-full-repo-audit/final/deps/dracon-code.cargo-tree-d.log	3161	77	2026-06-11 07:23:20.191698340 +0100
docs/audit/2026-06-11-full-repo-audit/final/deps/dracon-libs.cargo-deny.log	205111	3802	2026-06-11 07:23:20.008695218 +0100
docs/audit/2026-06-11-full-repo-audit/final/deps/dracon-libs.cargo-tree-d.log	34442	867	2026-06-11 07:23:19.136680338 +0100
docs/audit/2026-06-11-full-repo-audit/final/deps/dracon-platform.cargo-tree-d.log	22621	575	2026-06-11 07:23:18.833675168 +0100
docs/audit/2026-06-11-full-repo-audit/final/deps/dracon-utilities.cargo-deny.log	48	1	2026-06-11 07:23:18.691672745 +0100
docs/audit/2026-06-11-full-repo-audit/final/deps/dracon-utilities.cargo-tree-d.log	20280	458	2026-06-11 07:23:18.139663327 +0100
docs/audit/2026-06-11-full-repo-audit/final/deps/video-uploader.cargo-deny.log	12866	258	2026-06-11 07:23:21.929727996 +0100
docs/audit/2026-06-11-full-repo-audit/final/deps/video-uploader.cargo-tree-d.log	2132	50	2026-06-11 07:23:21.457719942 +0100
docs/audit/2026-06-11-full-repo-audit/final/deps/youtube-video-uploader.cargo-deny.log	12938	258	2026-06-11 07:23:21.319717588 +0100
docs/audit/2026-06-11-full-repo-audit/final/deps/youtube-video-uploader.cargo-tree-d.log	2196	50	2026-06-11 07:23:20.837709363 +0100
docs/audit/2026-06-11-full-repo-audit/final/final-validation.tsv	433	16	2026-06-11 07:22:13.036552616 +0100
docs/audit/2026-06-11-full-repo-audit/final/hygiene.tsv	1046	21	2026-06-11 07:35:32.714208774 +0100
docs/audit/2026-06-11-full-repo-audit/final/inventory.json	12437	472	2026-06-11 07:31:42.394273495 +0100
docs/audit/2026-06-11-full-repo-audit/final/inventory.tsv	1439	21	2026-06-11 07:31:42.414079941 +0100
docs/audit/2026-06-11-full-repo-audit/final/non-rust/Junk-Runner-bevy.web-build.log	10392	184	2026-06-11 07:24:30.644900642 +0100
docs/audit/2026-06-11-full-repo-audit/final/non-rust/Junk-Runner-bevy.web-check.log	14668	354	2026-06-11 07:24:32.783937149 +0100
docs/audit/2026-06-11-full-repo-audit/final/non-rust/non-rust.tsv	259	7	2026-06-11 07:24:33.358946964 +0100
docs/audit/2026-06-11-full-repo-audit/final/non-rust/one-mil-girls.bun-check.log	201	5	2026-06-11 07:24:29.135874887 +0100
docs/audit/2026-06-11-full-repo-audit/final/non-rust/one-mil-girls.bun-test.log	5200	58	2026-06-11 07:24:26.462829265 +0100
docs/audit/2026-06-11-full-repo-audit/final/per-repo/ai-auto-repo-rot-scanner-todo-agent.git.txt	1266	19	2026-06-11 07:34:41.876340065 +0100
docs/audit/2026-06-11-full-repo-audit/final/per-repo/ai-auto-writer.git.txt	1203	20	2026-06-11 07:34:41.849339604 +0100
docs/audit/2026-06-11-full-repo-audit/final/per-repo/avid.git.txt	1434	20	2026-06-11 07:34:41.911340663 +0100
docs/audit/2026-06-11-full-repo-audit/final/per-repo/browser-extensions-shared.git.txt	4359	19	2026-06-11 07:34:41.750337912 +0100
docs/audit/2026-06-11-full-repo-audit/final/per-repo/dracon-ai-lib.git.txt	776	13	2026-06-11 07:34:41.929340971 +0100
docs/audit/2026-06-11-full-repo-audit/final/per-repo/dracon-code.git.txt	12505	29	2026-06-11 07:34:41.817339057 +0100
docs/audit/2026-06-11-full-repo-audit/final/per-repo/DraconDev.git.txt	993	19	2026-06-11 07:34:41.884340202 +0100
docs/audit/2026-06-11-full-repo-audit/final/per-repo/.dracon.git.txt	991	19	2026-06-11 07:34:41.771338271 +0100
docs/audit/2026-06-11-full-repo-audit/final/per-repo/dracon-libs.git.txt	1034	19	2026-06-11 07:34:41.939341141 +0100
docs/audit/2026-06-11-full-repo-audit/final/per-repo/dracon-platform.git.txt	3472	31	2026-06-11 07:34:41.786338527 +0100
docs/audit/2026-06-11-full-repo-audit/final/per-repo/dracon-utilities.git.txt	3030	24	2026-06-11 07:34:41.761338100 +0100
docs/audit/2026-06-11-full-repo-audit/final/per-repo/folder-auto-banner.git.txt	1177	19	2026-06-11 07:34:41.804338835 +0100
docs/audit/2026-06-11-full-repo-audit/final/per-repo/Junk-Runner-bevy.git.txt	1440	22	2026-06-11 07:34:41.830339279 +0100
docs/audit/2026-06-11-full-repo-audit/final/per-repo/kiki-sassy-desktop-announcer.git.txt	1216	19	2026-06-11 07:34:41.947341278 +0100
docs/audit/2026-06-11-full-repo-audit/final/per-repo/one-mil-girls.git.txt	1497	19	2026-06-11 07:34:41.795338681 +0100
docs/audit/2026-06-11-full-repo-audit/final/per-repo/pully-fully-pull-based-fleet-reconciler.git.txt	1292	19	2026-06-11 07:34:41.894340373 +0100
docs/audit/2026-06-11-full-repo-audit/final/per-repo/repos.tsv	695	20	2026-06-11 07:34:41.731424522 +0100
docs/audit/2026-06-11-full-repo-audit/final/per-repo/rust-ai-web-auto.git.txt	1119	19	2026-06-11 07:34:41.866339894 +0100
docs/audit/2026-06-11-full-repo-audit/final/per-repo/video-factory.git.txt	1083	19	2026-06-11 07:34:41.903340527 +0100
docs/audit/2026-06-11-full-repo-audit/final/per-repo/video-uploader.git.txt	1223	19	2026-06-11 07:34:41.857339740 +0100
docs/audit/2026-06-11-full-repo-audit/final/per-repo/youtube-video-uploader.git.txt	1070	19	2026-06-11 07:34:41.920340818 +0100
docs/audit/2026-06-11-full-repo-audit/final/REPORT.md	7666	132	2026-06-11 07:31:33.205116510 +0100
docs/audit/2026-06-11-full-repo-audit/final/risk-paths/ai-auto-repo-rot-scanner-todo-agent.risk.tsv	5572	78	2026-06-11 01:49:13.417188553 +0100
docs/audit/2026-06-11-full-repo-audit/final/risk-paths/ai-auto-writer.risk.tsv	17413	218	2026-06-11 01:49:13.404188332 +0100
docs/audit/2026-06-11-full-repo-audit/final/risk-paths/avid.risk.tsv	2907	63	2026-06-11 01:49:13.431539060 +0100
docs/audit/2026-06-11-full-repo-audit/final/risk-paths/browser-extensions-shared.risk.tsv	236805	2805	2026-06-11 01:49:13.361187600 +0100
docs/audit/2026-06-11-full-repo-audit/final/risk-paths/dracon-ai-lib.risk.tsv	2192	36	2026-06-11 01:49:13.437188894 +0100
docs/audit/2026-06-11-full-repo-audit/final/risk-paths/dracon-code.risk.tsv	1664	36	2026-06-11 01:49:13.370146151 +0100
docs/audit/2026-06-11-full-repo-audit/final/risk-paths/DraconDev.risk.tsv	1244	23	2026-06-11 01:49:13.420188605 +0100
docs/audit/2026-06-11-full-repo-audit/final/risk-paths/dracon-libs.risk.tsv	210	5	2026-06-11 01:49:13.440890037 +0100
docs/audit/2026-06-11-full-repo-audit/final/risk-paths/dracon-platform.risk.tsv	25559	383	2026-06-11 01:49:13.326187004 +0100
docs/audit/2026-06-11-full-repo-audit/final/risk-paths/.dracon.risk.tsv	3785	89	2026-06-11 01:49:13.365187668 +0100
docs/audit/2026-06-11-full-repo-audit/final/risk-paths/dracon-utilities.risk.tsv	4343	70	2026-06-11 01:49:13.374128340 +0100
docs/audit/2026-06-11-full-repo-audit/final/risk-paths/folder-auto-banner.risk.tsv	1954	33	2026-06-11 01:49:13.329567606 +0100
docs/audit/2026-06-11-full-repo-audit/final/risk-paths/Junk-Runner-bevy.risk.tsv	13615	245	2026-06-11 01:49:13.379187906 +0100
docs/audit/2026-06-11-full-repo-audit/final/risk-paths/kiki-sassy-desktop-announcer.risk.tsv	134	5	2026-06-11 01:49:13.443802507 +0100
docs/audit/2026-06-11-full-repo-audit/final/risk-paths/one-mil-girls.risk.tsv	13866	264	2026-06-11 01:49:13.333187123 +0100
docs/audit/2026-06-11-full-repo-audit/final/risk-paths/pully-fully-pull-based-fleet-reconciler.risk.tsv	2666	52	2026-06-11 01:49:13.424188673 +0100
docs/audit/2026-06-11-full-repo-audit/final/risk-paths/rust-ai-web-auto.risk.tsv	2465	47	2026-06-11 01:49:13.413188485 +0100
docs/audit/2026-06-11-full-repo-audit/final/risk-paths/video-factory.risk.tsv	292	7	2026-06-11 01:49:13.428103001 +0100
docs/audit/2026-06-11-full-repo-audit/final/risk-paths/video-uploader.risk.tsv	360	10	2026-06-11 01:49:13.409188417 +0100
docs/audit/2026-06-11-full-repo-audit/final/risk-paths/youtube-video-uploader.risk.tsv	360	10	2026-06-11 01:49:13.434188843 +0100
docs/audit/2026-06-11-full-repo-audit/final/validation/ai-auto-writer-clippy.log	5812	150	2026-06-11 07:22:26.310734515 +0100
docs/audit/2026-06-11-full-repo-audit/final/validation/ai-auto-writer-fmt.log	0	0	2026-06-11 07:22:26.307779009 +0100
docs/audit/2026-06-11-full-repo-audit/final/validation/ai-auto-writer-test.log	26867	369	2026-06-11 07:22:26.309640860 +0100
docs/audit/2026-06-11-full-repo-audit/final/validation/dracon-platform-clippy.log	219	3	2026-06-11 07:22:26.303725359 +0100
docs/audit/2026-06-11-full-repo-audit/final/validation/dracon-platform-fmt.log	0	0	2026-06-11 07:22:26.299778873 +0100
docs/audit/2026-06-11-full-repo-audit/final/validation/dracon-platform-test.log	23005	471	2026-06-11 07:22:26.302455131 +0100
docs/audit/2026-06-11-full-repo-audit/final/validation/folder-auto-banner-clippy.log	150	2	2026-06-11 07:22:26.307440134 +0100
docs/audit/2026-06-11-full-repo-audit/final/validation/folder-auto-banner-fmt.log	0	0	2026-06-11 07:22:26.303778941 +0100
docs/audit/2026-06-11-full-repo-audit/final/validation/folder-auto-banner-test.log	6262	139	2026-06-11 07:22:26.305778975 +0100
docs/audit/2026-06-11-full-repo-audit/final-validation.tsv	475	16	2026-06-11 01:38:08.973920454 +0100
docs/audit/2026-06-11-full-repo-audit/final/validation/video-uploader-clippy.log	6502	134	2026-06-11 07:22:26.314781688 +0100
docs/audit/2026-06-11-full-repo-audit/final/validation/video-uploader-fmt.log	0	0	2026-06-11 07:22:26.310779060 +0100
docs/audit/2026-06-11-full-repo-audit/final/validation/video-uploader-test.log	13648	255	2026-06-11 07:22:26.313079734 +0100
docs/audit/2026-06-11-full-repo-audit/full-audit-cleanups/evidence/baseline-branch-ref-snapshots.md	18225	259	2026-06-11 20:06:08.016479389 +0100
docs/audit/2026-06-11-full-repo-audit/full-audit-cleanups/evidence/baseline-docs-audit-inventory.tsv	42976	317	2026-06-11 20:06:09.572505906 +0100
docs/audit/2026-06-11-full-repo-audit/full-audit-cleanups/evidence/baseline-dracon-sync-repos.json	10090	380	2026-06-11 20:06:07.959478418 +0100
docs/audit/2026-06-11-full-repo-audit/full-audit-cleanups/evidence/baseline-dracon-sync-repos.stderr	0	0	2026-06-11 20:06:07.601472317 +0100
docs/audit/2026-06-11-full-repo-audit/git-auth-prompt/REPORT.md	9230	202	2026-06-11 18:28:16.754686928 +0100
docs/audit/2026-06-11-full-repo-audit/hygiene.tsv	1046	21	2026-06-11 01:26:36.307102842 +0100
docs/audit/2026-06-11-full-repo-audit/inventory.json	12590	472	2026-06-11 01:25:22.484832343 +0100
docs/audit/2026-06-11-full-repo-audit/inventory.tsv	1482	21	2026-06-11 01:25:32.653407054 +0100
docs/audit/2026-06-11-full-repo-audit/per-repo/ai-auto-repo-rot-scanner-todo-agent.git.txt	1223	20	2026-06-11 01:25:44.758215719 +0100
docs/audit/2026-06-11-full-repo-audit/per-repo/ai-auto-writer.git.txt	1243	20	2026-06-11 01:25:44.479210917 +0100
docs/audit/2026-06-11-full-repo-audit/per-repo/avid.git.txt	1434	20	2026-06-11 01:25:44.694214618 +0100
docs/audit/2026-06-11-full-repo-audit/per-repo/browser-extensions-shared.git.txt	2478	24	2026-06-11 01:25:44.356208800 +0100
docs/audit/2026-06-11-full-repo-audit/per-repo/dracon-ai-lib.git.txt	776	13	2026-06-11 01:25:44.823216838 +0100
docs/audit/2026-06-11-full-repo-audit/per-repo/dracon-code.git.txt	12656	29	2026-06-11 01:25:44.622213378 +0100
docs/audit/2026-06-11-full-repo-audit/per-repo/DraconDev.git.txt	1287	22	2026-06-11 01:25:44.947218973 +0100
docs/audit/2026-06-11-full-repo-audit/per-repo/.dracon.git.txt	979	19	2026-06-11 01:25:44.800216442 +0100
docs/audit/2026-06-11-full-repo-audit/per-repo/dracon-libs.git.txt	1034	19	2026-06-11 01:25:44.900218164 +0100
docs/audit/2026-06-11-full-repo-audit/per-repo/dracon-platform.git.txt	3881	36	2026-06-11 01:25:44.307207956 +0100
docs/audit/2026-06-11-full-repo-audit/per-repo/dracon-utilities.git.txt	2868	35	2026-06-11 01:25:44.652213894 +0100
docs/audit/2026-06-11-full-repo-audit/per-repo/folder-auto-banner.git.txt	1178	19	2026-06-11 01:25:44.231206648 +0100
docs/audit/2026-06-11-full-repo-audit/per-repo/Junk-Runner-bevy.git.txt	1365	22	2026-06-11 01:25:44.871217664 +0100
docs/audit/2026-06-11-full-repo-audit/per-repo/kiki-sassy-desktop-announcer.git.txt	1216	19	2026-06-11 01:25:44.922157965 +0100
docs/audit/2026-06-11-full-repo-audit/per-repo/one-mil-girls.git.txt	1932	19	2026-06-11 01:25:44.188205908 +0100
docs/audit/2026-06-11-full-repo-audit/per-repo/pully-fully-pull-based-fleet-reconciler.git.txt	1292	19	2026-06-11 01:25:44.202206149 +0100
docs/audit/2026-06-11-full-repo-audit/per-repo/repos.tsv	695	20	2026-06-11 01:25:44.168378315 +0100
docs/audit/2026-06-11-full-repo-audit/per-repo/rust-ai-web-auto.git.txt	1159	19	2026-06-11 01:25:44.569212466 +0100
docs/audit/2026-06-11-full-repo-audit/per-repo/video-factory.git.txt	1083	19	2026-06-11 01:25:44.527211743 +0100
docs/audit/2026-06-11-full-repo-audit/per-repo/video-uploader.git.txt	1070	19	2026-06-11 01:25:44.590212827 +0100
docs/audit/2026-06-11-full-repo-audit/per-repo/youtube-video-uploader.git.txt	1070	19	2026-06-11 01:25:44.780216098 +0100
docs/audit/2026-06-11-full-repo-audit/post-funding/deps/deps.tsv	199	7	2026-06-11 11:11:54.802766032 +0100
docs/audit/2026-06-11-full-repo-audit/post-funding/deps/dracon-code.deny.log	2594	54	2026-06-11 11:11:52.986731455 +0100
docs/audit/2026-06-11-full-repo-audit/post-funding/deps/dracon-code.tree.log	3161	77	2026-06-11 11:11:53.136734312 +0100
docs/audit/2026-06-11-full-repo-audit/post-funding/deps/dracon-libs.deny.log	205111	3802	2026-06-11 11:11:52.159715702 +0100
docs/audit/2026-06-11-full-repo-audit/post-funding/deps/dracon-libs.tree.log	34442	867	2026-06-11 11:11:52.414720560 +0100
docs/audit/2026-06-11-full-repo-audit/post-funding/deps/dracon-platform.deny.log	13	1	2026-06-11 11:11:54.607092831 +0100
docs/audit/2026-06-11-full-repo-audit/post-funding/deps/dracon-platform.tree.log	22621	575	2026-06-11 11:11:54.786765728 +0100
docs/audit/2026-06-11-full-repo-audit/post-funding/deps/dracon-utilities.deny.log	48	1	2026-06-11 11:11:51.077695085 +0100
docs/audit/2026-06-11-full-repo-audit/post-funding/deps/dracon-utilities.tree.log	20280	458	2026-06-11 11:11:51.239698172 +0100
docs/audit/2026-06-11-full-repo-audit/post-funding/deps/dracon-warden.deny.log	13	1	2026-06-11 11:11:17.876058956 +0100
docs/audit/2026-06-11-full-repo-audit/post-funding/deps/dracon-warden.tree.log	104	1	2026-06-11 11:11:17.877547978 +0100
docs/audit/2026-06-11-full-repo-audit/post-funding/deps/video-uploader.deny.log	12866	258	2026-06-11 11:11:54.437759084 +0100
docs/audit/2026-06-11-full-repo-audit/post-funding/deps/video-uploader.tree.log	2132	50	2026-06-11 11:11:54.591762016 +0100
docs/audit/2026-06-11-full-repo-audit/post-funding/deps/youtube-video-uploader.deny.log	12938	258	2026-06-11 11:11:53.761577818 +0100
docs/audit/2026-06-11-full-repo-audit/post-funding/deps/youtube-video-uploader.tree.log	2196	50	2026-06-11 11:11:53.932749470 +0100
docs/audit/2026-06-11-full-repo-audit/post-funding/hygiene.tsv	1102	21	2026-06-11 11:11:01.573320994 +0100
docs/audit/2026-06-11-full-repo-audit/post-funding/inventory.json	12530	472	2026-06-11 11:14:59.456189776 +0100
docs/audit/2026-06-11-full-repo-audit/post-funding/inventory.tsv	1459	21	2026-06-11 11:14:59.485338122 +0100
docs/audit/2026-06-11-full-repo-audit/post-funding/non-rust/Junk-Runner-bevy-web_bun_run_build.log	10351	184	2026-06-11 10:56:19.456153698 +0100
docs/audit/2026-06-11-full-repo-audit/post-funding/non-rust/Junk-Runner-bevy-web_bun_run_check.log	10882	279	2026-06-11 10:56:22.190205278 +0100
docs/audit/2026-06-11-full-repo-audit/post-funding/non-rust/non-rust.tsv	170	5	2026-06-11 10:56:22.850217716 +0100
docs/audit/2026-06-11-full-repo-audit/post-funding/non-rust/one-mil-girls_bun_run_check.log	201	5	2026-06-11 10:56:17.383114530 +0100
docs/audit/2026-06-11-full-repo-audit/post-funding/non-rust/one-mil-girls_bun_test.log	5200	58	2026-06-11 10:56:14.061051656 +0100
docs/audit/2026-06-11-full-repo-audit/post-funding/per-repo/ai-auto-repo-rot-scanner-todo-agent.git.txt	1349	22	2026-06-11 10:55:55.471697276 +0100
docs/audit/2026-06-11-full-repo-audit/post-funding/per-repo/ai-auto-writer.git.txt	1287	23	2026-06-11 10:55:55.422696336 +0100
docs/audit/2026-06-11-full-repo-audit/post-funding/per-repo/avid.git.txt	1517	23	2026-06-11 10:55:55.512698062 +0100
docs/audit/2026-06-11-full-repo-audit/post-funding/per-repo/browser-extensions-shared.git.txt	3363	29	2026-06-11 10:55:55.201692097 +0100
docs/audit/2026-06-11-full-repo-audit/post-funding/per-repo/dracon-ai-lib.git.txt	995	18	2026-06-11 10:55:55.340694763 +0100
docs/audit/2026-06-11-full-repo-audit/post-funding/per-repo/dracon-code.git.txt	12589	32	2026-06-11 10:55:55.394695799 +0100
docs/audit/2026-06-11-full-repo-audit/post-funding/per-repo/DraconDev.git.txt	1362	25	2026-06-11 10:55:55.484697525 +0100
docs/audit/2026-06-11-full-repo-audit/post-funding/per-repo/.dracon.git.txt	1228	22	2026-06-11 10:55:55.329694552 +0100
docs/audit/2026-06-11-full-repo-audit/post-funding/per-repo/dracon-libs.git.txt	1117	22	2026-06-11 10:55:55.540698600 +0100
docs/audit/2026-06-11-full-repo-audit/post-funding/per-repo/dracon-platform.git.txt	3583	34	2026-06-11 10:55:55.293693861 +0100
docs/audit/2026-06-11-full-repo-audit/post-funding/per-repo/dracon-utilities.git.txt	2641	30	2026-06-11 10:55:55.222692500 +0100
docs/audit/2026-06-11-full-repo-audit/post-funding/per-repo/folder-auto-banner.git.txt	1260	22	2026-06-11 10:55:55.372695377 +0100
docs/audit/2026-06-11-full-repo-audit/post-funding/per-repo/Junk-Runner-bevy.git.txt	1702	25	2026-06-11 10:55:55.312694226 +0100
docs/audit/2026-06-11-full-repo-audit/post-funding/per-repo/kiki-sassy-desktop-announcer.git.txt	1299	22	2026-06-11 10:55:55.559698964 +0100
docs/audit/2026-06-11-full-repo-audit/post-funding/per-repo/one-mil-girls.git.txt	1695	22	2026-06-11 10:55:55.167691445 +0100
docs/audit/2026-06-11-full-repo-audit/post-funding/per-repo/pully-fully-pull-based-fleet-reconciler.git.txt	1946	24	2026-06-11 10:55:55.238692807 +0100
docs/audit/2026-06-11-full-repo-audit/post-funding/per-repo/repos.tsv	695	20	2026-06-11 10:55:55.153196048 +0100
docs/audit/2026-06-11-full-repo-audit/post-funding/per-repo/rust-ai-web-auto.git.txt	1282	23	2026-06-11 10:55:55.254693113 +0100
docs/audit/2026-06-11-full-repo-audit/post-funding/per-repo/video-factory.git.txt	1166	22	2026-06-11 10:55:55.497697775 +0100
docs/audit/2026-06-11-full-repo-audit/post-funding/per-repo/video-uploader.git.txt	1306	22	2026-06-11 10:55:55.438696643 +0100
docs/audit/2026-06-11-full-repo-audit/post-funding/per-repo/youtube-video-uploader.git.txt	1153	22	2026-06-11 10:55:55.524698293 +0100
docs/audit/2026-06-11-full-repo-audit/post-funding/REPORT.md	9322	136	2026-06-11 11:16:37.310942528 +0100
docs/audit/2026-06-11-full-repo-audit/post-funding/validation-logs/ai-auto-repo-rot-scanner-todo-agent.clippy.log	165	2	2026-06-11 11:16:30.942829543 +0100
docs/audit/2026-06-11-full-repo-audit/post-funding/validation-logs/ai-auto-repo-rot-scanner-todo-agent.fmt.log	0	0	2026-06-11 11:16:13.889526271 +0100
docs/audit/2026-06-11-full-repo-audit/post-funding/validation-logs/ai-auto-repo-rot-scanner-todo-agent.test.log	33505	614	2026-06-11 11:16:27.525768857 +0100
docs/audit/2026-06-11-full-repo-audit/post-funding/validation-logs/ai-auto-writer.clippy.log	2130	60	2026-06-11 11:04:55.317388521 +0100
docs/audit/2026-06-11-full-repo-audit/post-funding/validation-logs/ai-auto-writer.fmt.log	0	0	2026-06-11 11:04:43.677219529 +0100
docs/audit/2026-06-11-full-repo-audit/post-funding/validation-logs/ai-auto-writer.test.log	26867	369	2026-06-11 11:04:46.079254374 +0100
docs/audit/2026-06-11-full-repo-audit/post-funding/validation-logs/avid.clippy.log	121	2	2026-06-11 11:04:43.651219152 +0100
docs/audit/2026-06-11-full-repo-audit/post-funding/validation-logs/avid.fmt.log	0	0	2026-06-11 11:04:38.561145357 +0100
docs/audit/2026-06-11-full-repo-audit/post-funding/validation-logs/avid.test.log	3337	64	2026-06-11 11:04:42.804817994 +0100
docs/audit/2026-06-11-full-repo-audit/post-funding/validation-logs/dracon-ai-lib.clippy.log	1499	25	2026-06-11 11:08:35.310118677 +0100
docs/audit/2026-06-11-full-repo-audit/post-funding/validation-logs/dracon-ai-lib.fmt.log	0	0	2026-06-11 11:08:27.797282627 +0100
docs/audit/2026-06-11-full-repo-audit/post-funding/validation-logs/dracon-ai-lib.test.log	12650	278	2026-06-11 11:08:33.118787191 +0100
docs/audit/2026-06-11-full-repo-audit/post-funding/validation-logs/dracon-code.clippy.log	1555	17	2026-06-11 11:04:38.538145024 +0100
docs/audit/2026-06-11-full-repo-audit/post-funding/validation-logs/dracon-code.fmt.log	0	0	2026-06-11 11:04:23.898933146 +0100
docs/audit/2026-06-11-full-repo-audit/post-funding/validation-logs/dracon-code.test.log	86508	1402	2026-06-11 11:04:34.409085209 +0100
docs/audit/2026-06-11-full-repo-audit/post-funding/validation-logs/dracon-libs.clippy.log	11873	362	2026-06-11 11:08:41.793709530 +0100
docs/audit/2026-06-11-full-repo-audit/post-funding/validation-logs/dracon-libs.fmt.log	0	0	2026-06-11 11:08:35.328889216 +0100
docs/audit/2026-06-11-full-repo-audit/post-funding/validation-logs/dracon-libs.test.log	100002	2747	2026-06-11 11:08:38.135890025 +0100
docs/audit/2026-06-11-full-repo-audit/post-funding/validation-logs/dracon-platform.clippy.log	669	8	2026-06-11 11:03:42.372335137 +0100
docs/audit/2026-06-11-full-repo-audit/post-funding/validation-logs/dracon-platform.fmt.log	0	0	2026-06-11 11:03:31.722182518 +0100
docs/audit/2026-06-11-full-repo-audit/post-funding/validation-logs/dracon-platform.test.log	23005	471	2026-06-11 11:03:39.130288644 +0100
docs/audit/2026-06-11-full-repo-audit/post-funding/validation-logs/dracon-utilities.clippy.log	419	5	2026-06-11 11:06:32.634489025 +0100
docs/audit/2026-06-11-full-repo-audit/post-funding/validation-logs/dracon-utilities.fmt.log	0	0	2026-06-11 11:05:31.077909684 +0100
docs/audit/2026-06-11-full-repo-audit/post-funding/validation-logs/dracon-utilities.test.log	55223	994	2026-06-11 11:06:29.418765946 +0100
docs/audit/2026-06-11-full-repo-audit/post-funding/validation-logs/final-validation.tsv	1728	16	2026-06-11 11:16:30.969645989 +0100
docs/audit/2026-06-11-full-repo-audit/post-funding/validation-logs/folder-auto-banner.clippy.log	150	2	2026-06-11 11:03:59.297578319 +0100
docs/audit/2026-06-11-full-repo-audit/post-funding/validation-logs/folder-auto-banner.fmt.log	0	0	2026-06-11 11:03:42.413335725 +0100
docs/audit/2026-06-11-full-repo-audit/post-funding/validation-logs/folder-auto-banner.test.log	6262	139	2026-06-11 11:03:55.568524674 +0100
docs/audit/2026-06-11-full-repo-audit/post-funding/validation-logs/kiki-sassy-desktop-announcer.clippy.log	170	2	2026-06-11 11:04:23.838932278 +0100
docs/audit/2026-06-11-full-repo-audit/post-funding/validation-logs/kiki-sassy-desktop-announcer.fmt.log	0	0	2026-06-11 11:04:20.305881226 +0100
docs/audit/2026-06-11-full-repo-audit/post-funding/validation-logs/kiki-sassy-desktop-announcer.test.log	13261	246	2026-06-11 11:04:21.402897074 +0100
docs/audit/2026-06-11-full-repo-audit/post-funding/validation-logs/pully-fully-pull-based-fleet-reconciler.clippy.log	887	15	2026-06-11 11:07:18.376489737 +0100
docs/audit/2026-06-11-full-repo-audit/post-funding/validation-logs/pully-fully-pull-based-fleet-reconciler.fmt.log	0	0	2026-06-11 11:06:32.675813956 +0100
docs/audit/2026-06-11-full-repo-audit/post-funding/validation-logs/pully-fully-pull-based-fleet-reconciler.test.log	88531	1504	2026-06-11 11:07:14.224428178 +0100
docs/audit/2026-06-11-full-repo-audit/post-funding/validation-logs/rust-ai-web-auto.clippy.log	147	2	2026-06-11 11:05:31.042909172 +0100
docs/audit/2026-06-11-full-repo-audit/post-funding/validation-logs/rust-ai-web-auto.fmt.log	0	0	2026-06-11 11:04:57.432419262 +0100
docs/audit/2026-06-11-full-repo-audit/post-funding/validation-logs/rust-ai-web-auto.test.log	11050	191	2026-06-11 11:05:22.571785452 +0100
docs/audit/2026-06-11-full-repo-audit/post-funding/validation-logs/video-factory.clippy.log	948	18	2026-06-11 11:04:57.403418840 +0100
docs/audit/2026-06-11-full-repo-audit/post-funding/validation-logs/video-factory.fmt.log	0	0	2026-06-11 11:04:55.344388913 +0100
docs/audit/2026-06-11-full-repo-audit/post-funding/validation-logs/video-factory.test.log	5383	165	2026-06-11 11:04:56.495405641 +0100
docs/audit/2026-06-11-full-repo-audit/post-funding/validation-logs/video-uploader.clippy.log	6226	142	2026-06-11 11:08:27.771677346 +0100
docs/audit/2026-06-11-full-repo-audit/post-funding/validation-logs/video-uploader.fmt.log	0	0	2026-06-11 11:07:52.942003385 +0100
docs/audit/2026-06-11-full-repo-audit/post-funding/validation-logs/video-uploader.test.log	13649	255	2026-06-11 11:08:19.344503706 +0100
docs/audit/2026-06-11-full-repo-audit/post-funding/validation-logs/youtube-video-uploader.clippy.log	1415	41	2026-06-11 11:07:52.916002998 +0100
docs/audit/2026-06-11-full-repo-audit/post-funding/validation-logs/youtube-video-uploader.fmt.log	0	0	2026-06-11 11:07:18.394547968 +0100
docs/audit/2026-06-11-full-repo-audit/post-funding/validation-logs/youtube-video-uploader.test.log	13719	262	2026-06-11 11:07:44.931884170 +0100
docs/audit/2026-06-11-full-repo-audit/public-readiness-funding/deps/deps.tsv	199	7	2026-06-11 11:56:55.959040344 +0100
docs/audit/2026-06-11-full-repo-audit/public-readiness-funding/deps/dracon-code.deny.log	2812	56	2026-06-11 11:56:54.312013109 +0100
docs/audit/2026-06-11-full-repo-audit/public-readiness-funding/deps/dracon-code.tree.log	3338	79	2026-06-11 11:56:54.439225540 +0100
docs/audit/2026-06-11-full-repo-audit/public-readiness-funding/deps/dracon-libs.deny.log	205111	3802	2026-06-11 11:56:53.334996953 +0100
docs/audit/2026-06-11-full-repo-audit/public-readiness-funding/deps/dracon-libs.tree.log	34442	867	2026-06-11 11:56:53.565000756 +0100
docs/audit/2026-06-11-full-repo-audit/public-readiness-funding/deps/dracon-platform.deny.log	13	1	2026-06-11 11:56:55.786037483 +0100
docs/audit/2026-06-11-full-repo-audit/public-readiness-funding/deps/dracon-platform.tree.log	22621	575	2026-06-11 11:56:55.944040096 +0100
docs/audit/2026-06-11-full-repo-audit/public-readiness-funding/deps/dracon-utilities.deny.log	48	1	2026-06-11 11:56:52.091976398 +0100
docs/audit/2026-06-11-full-repo-audit/public-readiness-funding/deps/dracon-utilities.tree.log	20280	458	2026-06-11 11:56:52.253979077 +0100
docs/audit/2026-06-11-full-repo-audit/public-readiness-funding/deps/video-uploader.deny.log	12866	258	2026-06-11 11:56:55.652035267 +0100
docs/audit/2026-06-11-full-repo-audit/public-readiness-funding/deps/video-uploader.tree.log	2132	50	2026-06-11 11:56:55.774037285 +0100
docs/audit/2026-06-11-full-repo-audit/public-readiness-funding/deps/youtube-video-uploader.deny.log	12938	258	2026-06-11 11:56:54.998024453 +0100
docs/audit/2026-06-11-full-repo-audit/public-readiness-funding/deps/youtube-video-uploader.tree.log	2196	50	2026-06-11 11:56:55.119026454 +0100
docs/audit/2026-06-11-full-repo-audit/public-readiness-funding/hygiene.tsv	1103	21	2026-06-11 12:01:34.125146047 +0100
docs/audit/2026-06-11-full-repo-audit/public-readiness-funding/inventory.json	12608	472	2026-06-11 12:01:19.917872103 +0100
docs/audit/2026-06-11-full-repo-audit/public-readiness-funding/inventory.tsv	1517	21	2026-06-11 12:01:19.944645052 +0100
docs/audit/2026-06-11-full-repo-audit/public-readiness-funding/non-rust/Junk-Runner-bevy-web_bun_run_build.log	10351	184	2026-06-11 11:56:31.909642622 +0100
docs/audit/2026-06-11-full-repo-audit/public-readiness-funding/non-rust/Junk-Runner-bevy-web_bun_run_check.log	10882	279	2026-06-11 11:56:34.451684666 +0100
docs/audit/2026-06-11-full-repo-audit/public-readiness-funding/non-rust/non-rust.tsv	170	5	2026-06-11 11:56:35.072694938 +0100
docs/audit/2026-06-11-full-repo-audit/public-readiness-funding/non-rust/one-mil-girls_bun_run_check.log	201	5	2026-06-11 11:56:29.938610021 +0100
docs/audit/2026-06-11-full-repo-audit/public-readiness-funding/non-rust/one-mil-girls_bun_test.log	5200	58	2026-06-11 11:56:27.016561688 +0100
docs/audit/2026-06-11-full-repo-audit/public-readiness-funding/per-repo/ai-auto-repo-rot-scanner-todo-agent.git.txt	1476	22	2026-06-11 11:50:06.452249426 +0100
docs/audit/2026-06-11-full-repo-audit/public-readiness-funding/per-repo/ai-auto-writer.git.txt	1287	23	2026-06-11 11:50:06.550251056 +0100
docs/audit/2026-06-11-full-repo-audit/public-readiness-funding/per-repo/avid.git.txt	1517	23	2026-06-11 11:50:06.597251839 +0100
docs/audit/2026-06-11-full-repo-audit/public-readiness-funding/per-repo/browser-extensions-shared.git.txt	16241	194	2026-06-11 11:50:06.296246828 +0100
docs/audit/2026-06-11-full-repo-audit/public-readiness-funding/per-repo/dracon-ai-lib.git.txt	934	16	2026-06-11 11:50:06.218245530 +0100
docs/audit/2026-06-11-full-repo-audit/public-readiness-funding/per-repo/dracon-code.git.txt	12823	32	2026-06-11 11:50:06.415248809 +0100
docs/audit/2026-06-11-full-repo-audit/public-readiness-funding/per-repo/DraconDev.git.txt	1410	22	2026-06-11 11:50:06.506250325 +0100
docs/audit/2026-06-11-full-repo-audit/public-readiness-funding/per-repo/.dracon.git.txt	1447	24	2026-06-11 11:50:06.490250058 +0100
docs/audit/2026-06-11-full-repo-audit/public-readiness-funding/per-repo/dracon-libs.git.txt	1117	22	2026-06-11 11:50:06.629252371 +0100
docs/audit/2026-06-11-full-repo-audit/public-readiness-funding/per-repo/dracon-platform.git.txt	3685	34	2026-06-11 11:50:06.365247977 +0100
docs/audit/2026-06-11-full-repo-audit/public-readiness-funding/per-repo/dracon-utilities.git.txt	2788	30	2026-06-11 11:50:06.254246129 +0100
docs/audit/2026-06-11-full-repo-audit/public-readiness-funding/per-repo/folder-auto-banner.git.txt	1155	22	2026-06-11 11:50:06.322247261 +0100
docs/audit/2026-06-11-full-repo-audit/public-readiness-funding/per-repo/Junk-Runner-bevy.git.txt	1460	25	2026-06-11 11:50:06.386248327 +0100
docs/audit/2026-06-11-full-repo-audit/public-readiness-funding/per-repo/kiki-sassy-desktop-announcer.git.txt	1299	22	2026-06-11 11:50:06.648252688 +0100
docs/audit/2026-06-11-full-repo-audit/public-readiness-funding/per-repo/one-mil-girls.git.txt	2135	23	2026-06-11 11:50:06.232245763 +0100
docs/audit/2026-06-11-full-repo-audit/public-readiness-funding/per-repo/pully-fully-pull-based-fleet-reconciler.git.txt	1678	22	2026-06-11 11:50:06.472249758 +0100
docs/audit/2026-06-11-full-repo-audit/public-readiness-funding/per-repo/repos.tsv	695	20	2026-06-11 11:50:06.201526566 +0100
docs/audit/2026-06-11-full-repo-audit/public-readiness-funding/per-repo/rust-ai-web-auto.git.txt	1197	22	2026-06-11 11:50:06.523250607 +0100
docs/audit/2026-06-11-full-repo-audit/public-readiness-funding/per-repo/video-factory.git.txt	1166	22	2026-06-11 11:50:06.581251573 +0100
docs/audit/2026-06-11-full-repo-audit/public-readiness-funding/per-repo/video-uploader.git.txt	1306	22	2026-06-11 11:50:06.567251339 +0100
docs/audit/2026-06-11-full-repo-audit/public-readiness-funding/per-repo/youtube-video-uploader.git.txt	1153	22	2026-06-11 11:50:06.612252089 +0100
docs/audit/2026-06-11-full-repo-audit/public-readiness-funding/PUBLIC_READINESS.md	4823	79	2026-06-11 12:01:48.482421916 +0100
docs/audit/2026-06-11-full-repo-audit/public-readiness-funding/validation-logs/ai-auto-repo-rot-scanner-todo-agent.clippy.log	72	1	2026-06-11 11:51:45.069889158 +0100
docs/audit/2026-06-11-full-repo-audit/public-readiness-funding/validation-logs/ai-auto-repo-rot-scanner-todo-agent.fmt.log	0	0	2026-06-11 11:51:31.462663107 +0100
docs/audit/2026-06-11-full-repo-audit/public-readiness-funding/validation-logs/ai-auto-repo-rot-scanner-todo-agent.test.log	33412	613	2026-06-11 11:51:44.674882597 +0100
docs/audit/2026-06-11-full-repo-audit/public-readiness-funding/validation-logs/ai-auto-writer.clippy.log	2130	60	2026-06-11 11:52:27.618595622 +0100
docs/audit/2026-06-11-full-repo-audit/public-readiness-funding/validation-logs/ai-auto-writer.fmt.log	0	0	2026-06-11 11:52:12.950352138 +0100
docs/audit/2026-06-11-full-repo-audit/public-readiness-funding/validation-logs/ai-auto-writer.test.log	26867	369	2026-06-11 11:52:15.468393940 +0100
docs/audit/2026-06-11-full-repo-audit/public-readiness-funding/validation-logs/avid.clippy.log	72	1	2026-06-11 11:52:12.937351922 +0100
docs/audit/2026-06-11-full-repo-audit/public-readiness-funding/validation-logs/avid.fmt.log	0	0	2026-06-11 11:52:10.263307527 +0100
docs/audit/2026-06-11-full-repo-audit/public-readiness-funding/validation-logs/avid.test.log	3337	64	2026-06-11 11:52:12.714348220 +0100
docs/audit/2026-06-11-full-repo-audit/public-readiness-funding/validation-logs/dracon-ai-lib.clippy.log	973	19	2026-06-11 11:55:58.720093563 +0100
docs/audit/2026-06-11-full-repo-audit/public-readiness-funding/validation-logs/dracon-ai-lib.fmt.log	0	0	2026-06-11 11:55:51.467973561 +0100
docs/audit/2026-06-11-full-repo-audit/public-readiness-funding/validation-logs/dracon-ai-lib.test.log	12650	278	2026-06-11 11:55:57.140067419 +0100
docs/audit/2026-06-11-full-repo-audit/public-readiness-funding/validation-logs/dracon-code.clippy.log	2409	38	2026-06-11 11:52:10.122305186 +0100
docs/audit/2026-06-11-full-repo-audit/public-readiness-funding/validation-logs/dracon-code.fmt.log	12199	275	2026-06-11 11:51:47.049922046 +0100
docs/audit/2026-06-11-full-repo-audit/public-readiness-funding/validation-logs/dracon-code.test.log	91845	1521	2026-06-11 11:52:08.900284897 +0100
docs/audit/2026-06-11-full-repo-audit/public-readiness-funding/validation-logs/dracon-libs.clippy.log	67431	1912	2026-06-11 11:56:02.192151012 +0100
docs/audit/2026-06-11-full-repo-audit/public-readiness-funding/validation-logs/dracon-libs.fmt.log	0	0	2026-06-11 11:55:58.739093877 +0100
docs/audit/2026-06-11-full-repo-audit/public-readiness-funding/validation-logs/dracon-libs.test.log	100002	2747	2026-06-11 11:56:00.917129915 +0100
docs/audit/2026-06-11-full-repo-audit/public-readiness-funding/validation-logs/dracon-platform.clippy.log	743	9	2026-06-11 11:51:12.400871484 +0100
docs/audit/2026-06-11-full-repo-audit/public-readiness-funding/validation-logs/dracon-platform.fmt.log	0	0	2026-06-11 11:50:55.328062522 +0100
docs/audit/2026-06-11-full-repo-audit/public-readiness-funding/validation-logs/dracon-platform.test.log	23165	473	2026-06-11 11:51:10.524315149 +0100
docs/audit/2026-06-11-full-repo-audit/public-readiness-funding/validation-logs/dracon-utilities.clippy.log	72	1	2026-06-11 11:54:11.594319836 +0100
docs/audit/2026-06-11-full-repo-audit/public-readiness-funding/validation-logs/dracon-utilities.fmt.log	0	0	2026-06-11 11:53:11.872329828 +0100
docs/audit/2026-06-11-full-repo-audit/public-readiness-funding/validation-logs/dracon-utilities.test.log	55456	997	2026-06-11 11:54:11.170312810 +0100
docs/audit/2026-06-11-full-repo-audit/public-readiness-funding/validation-logs/final-validation.tsv	1730	16	2026-06-11 11:56:03.239168335 +0100
docs/audit/2026-06-11-full-repo-audit/public-readiness-funding/validation-logs/folder-auto-banner.clippy.log	150	2	2026-06-11 11:51:31.434662642 +0100
docs/audit/2026-06-11-full-repo-audit/public-readiness-funding/validation-logs/folder-auto-banner.fmt.log	0	0	2026-06-11 11:51:12.432346864 +0100
docs/audit/2026-06-11-full-repo-audit/public-readiness-funding/validation-logs/folder-auto-banner.test.log	6262	139	2026-06-11 11:51:23.104524228 +0100
docs/audit/2026-06-11-full-repo-audit/public-readiness-funding/validation-logs/kiki-sassy-desktop-announcer.clippy.log	72	1	2026-06-11 11:51:46.492912794 +0100
docs/audit/2026-06-11-full-repo-audit/public-readiness-funding/validation-logs/kiki-sassy-desktop-announcer.fmt.log	0	0	2026-06-11 11:51:45.095889590 +0100
docs/audit/2026-06-11-full-repo-audit/public-readiness-funding/validation-logs/kiki-sassy-desktop-announcer.test.log	13261	246	2026-06-11 11:51:46.126906715 +0100
docs/audit/2026-06-11-full-repo-audit/public-readiness-funding/validation-logs/pully-fully-pull-based-fleet-reconciler.clippy.log	72	1	2026-06-11 11:55:07.085238933 +0100
docs/audit/2026-06-11-full-repo-audit/public-readiness-funding/validation-logs/pully-fully-pull-based-fleet-reconciler.fmt.log	0	0	2026-06-11 11:54:11.620320267 +0100
docs/audit/2026-06-11-full-repo-audit/public-readiness-funding/validation-logs/pully-fully-pull-based-fleet-reconciler.test.log	88531	1504	2026-06-11 11:55:06.841234893 +0100
docs/audit/2026-06-11-full-repo-audit/public-readiness-funding/validation-logs/rust-ai-web-auto.clippy.log	72	1	2026-06-11 11:53:11.854329530 +0100
docs/audit/2026-06-11-full-repo-audit/public-readiness-funding/validation-logs/rust-ai-web-auto.fmt.log	0	0	2026-06-11 11:52:31.764664433 +0100
docs/audit/2026-06-11-full-repo-audit/public-readiness-funding/validation-logs/rust-ai-web-auto.test.log	11050	191	2026-06-11 11:53:11.535324239 +0100
docs/audit/2026-06-11-full-repo-audit/public-readiness-funding/validation-logs/video-factory.clippy.log	948	18	2026-06-11 11:52:31.731663885 +0100
docs/audit/2026-06-11-full-repo-audit/public-readiness-funding/validation-logs/video-factory.fmt.log	0	0	2026-06-11 11:52:27.727597431 +0100
docs/audit/2026-06-11-full-repo-audit/public-readiness-funding/validation-logs/video-factory.test.log	5383	165	2026-06-11 11:52:30.217638758 +0100
docs/audit/2026-06-11-full-repo-audit/public-readiness-funding/validation-logs/video-uploader.clippy.log	5480	118	2026-06-11 11:55:51.440973115 +0100
docs/audit/2026-06-11-full-repo-audit/public-readiness-funding/validation-logs/video-uploader.fmt.log	0	0	2026-06-11 11:55:28.904600143 +0100
docs/audit/2026-06-11-full-repo-audit/public-readiness-funding/validation-logs/video-uploader.test.log	13649	255	2026-06-11 11:55:50.008949423 +0100
docs/audit/2026-06-11-full-repo-audit/public-readiness-funding/validation-logs/youtube-video-uploader.clippy.log	669	17	2026-06-11 11:55:28.882599779 +0100
docs/audit/2026-06-11-full-repo-audit/public-readiness-funding/validation-logs/youtube-video-uploader.fmt.log	0	0	2026-06-11 11:55:07.099239165 +0100
docs/audit/2026-06-11-full-repo-audit/public-readiness-funding/validation-logs/youtube-video-uploader.test.log	13718	262	2026-06-11 11:55:27.678579850 +0100
docs/audit/2026-06-11-full-repo-audit/public-readiness-funding/workspace-validation.log	56898	1032	2026-06-11 11:59:05.839219811 +0100
docs/audit/2026-06-11-full-repo-audit/release-readiness/inventory-current.json	11282	425	2026-06-11 16:19:05.200477998 +0100
docs/audit/2026-06-11-full-repo-audit/release-readiness/inventory-current.tsv	238	3	2026-06-11 16:09:57.626670939 +0100
docs/audit/2026-06-11-full-repo-audit/release-readiness/REPORT.md	7687	196	2026-06-11 16:23:55.437453132 +0100
docs/audit/2026-06-11-full-repo-audit/remaining-concerns-notification/dracon-platform-clippy.log	153	2	2026-06-11 15:01:44.076265841 +0100
docs/audit/2026-06-11-full-repo-audit/remaining-concerns-notification/dracon-platform-diff-after-warden.txt	174	3	2026-06-11 14:27:08.824440265 +0100
docs/audit/2026-06-11-full-repo-audit/remaining-concerns-notification/dracon-platform-diff-before-warden.txt	174	3	2026-06-11 14:27:08.764304010 +0100
docs/audit/2026-06-11-full-repo-audit/remaining-concerns-notification/dracon-platform-hooks-warden.txt	2653	45	2026-06-11 14:27:30.948810823 +0100
docs/audit/2026-06-11-full-repo-audit/remaining-concerns-notification/dracon-platform-incident-lines.jsonl	1054014	4040	2026-06-11 14:56:17.842720682 +0100
docs/audit/2026-06-11-full-repo-audit/remaining-concerns-notification/dracon-platform-status-after-warden.txt	646	5	2026-06-11 14:27:08.819765473 +0100
docs/audit/2026-06-11-full-repo-audit/remaining-concerns-notification/dracon-platform-status-before-warden.txt	646	5	2026-06-11 14:27:08.758439159 +0100
docs/audit/2026-06-11-full-repo-audit/remaining-concerns-notification/dracon-platform-untracked-after-warden.txt	129	2	2026-06-11 14:27:08.829440349 +0100
docs/audit/2026-06-11-full-repo-audit/remaining-concerns-notification/dracon-platform-untracked-before-warden.txt	129	2	2026-06-11 14:27:08.770021515 +0100
docs/audit/2026-06-11-full-repo-audit/remaining-concerns-notification/dracon-platform-warden-once.log	173	3	2026-06-11 14:27:08.794439763 +0100
docs/audit/2026-06-11-full-repo-audit/remaining-concerns-notification/dracon-sync-alerts.jsonl	119	1	2026-06-11 14:55:26.765269849 +0100
docs/audit/2026-06-11-full-repo-audit/remaining-concerns-notification/install-binaries-upgrade.log	1002	21	2026-06-11 14:43:02.937228471 +0100
docs/audit/2026-06-11-full-repo-audit/remaining-concerns-notification/inventory-after-remediation.json	11242	425	2026-06-11 14:48:16.320212207 +0100
docs/audit/2026-06-11-full-repo-audit/remaining-concerns-notification/inventory-after-remediation.tsv	337	4	2026-06-11 14:48:16.338916535 +0100
docs/audit/2026-06-11-full-repo-audit/remaining-concerns-notification/inventory-after-rust-clean.json	11363	426	2026-06-11 14:22:34.542836556 +0100
docs/audit/2026-06-11-full-repo-audit/remaining-concerns-notification/inventory-after-rust-clean.tsv	435	5	2026-06-11 14:22:34.561549192 +0100
docs/audit/2026-06-11-full-repo-audit/remaining-concerns-notification/inventory-before.json	11368	427	2026-06-11 14:19:30.189728221 +0100
docs/audit/2026-06-11-full-repo-audit/remaining-concerns-notification/inventory-before.tsv	717	8	2026-06-11 14:19:30.207316489 +0100
docs/audit/2026-06-11-full-repo-audit/remaining-concerns-notification/inventory-final.json	11315	425	2026-06-11 15:52:59.533507294 +0100
docs/audit/2026-06-11-full-repo-audit/remaining-concerns-notification/inventory-final.tsv	303	4	2026-06-11 14:55:01.905939725 +0100
docs/audit/2026-06-11-full-repo-audit/remaining-concerns-notification/inventory-post-tests.json	11356	426	2026-06-11 14:59:03.761377660 +0100
docs/audit/2026-06-11-full-repo-audit/remaining-concerns-notification/one-mil-girls-gitlab-protected-branch.json	534	0	2026-06-11 15:31:35.090438674 +0100
docs/audit/2026-06-11-full-repo-audit/remaining-concerns-notification/one-mil-girls-gitlab-push.log	275	5	2026-06-11 15:27:29.140172030 +0100
docs/audit/2026-06-11-full-repo-audit/remaining-concerns-notification/per-repo-before.dracon-platform.txt	6632	57	2026-06-11 14:19:31.471749889 +0100
docs/audit/2026-06-11-full-repo-audit/remaining-concerns-notification/per-repo-before.rust-ai-web-auto.txt	3794	43	2026-06-11 14:19:30.678736486 +0100
docs/audit/2026-06-11-full-repo-audit/remaining-concerns-notification/REPORT.md	11530	302	2026-06-11 15:32:28.880302179 +0100
docs/audit/2026-06-11-full-repo-audit/remaining-concerns-notification/warden-setup-hooks-global.log	351	7	2026-06-11 14:29:05.858399427 +0100
docs/audit/2026-06-11-full-repo-audit/risk-paths/ai-auto-repo-rot-scanner-todo-agent.risk.tsv	5572	78	2026-06-11 01:26:44.142590554 +0100
docs/audit/2026-06-11-full-repo-audit/risk-paths/ai-auto-writer.risk.tsv	17413	218	2026-06-11 01:26:44.112237145 +0100
docs/audit/2026-06-11-full-repo-audit/risk-paths/avid.risk.tsv	2907	63	2026-06-11 01:26:44.138237593 +0100
docs/audit/2026-06-11-full-repo-audit/risk-paths/browser-extensions-shared.risk.tsv	52443	846	2026-06-11 01:26:44.083236646 +0100
docs/audit/2026-06-11-full-repo-audit/risk-paths/dracon-ai-lib.risk.tsv	2192	36	2026-06-11 01:26:44.154035889 +0100
docs/audit/2026-06-11-full-repo-audit/risk-paths/dracon-code.risk.tsv	1664	36	2026-06-11 01:26:44.129093205 +0100
docs/audit/2026-06-11-full-repo-audit/risk-paths/DraconDev.risk.tsv	1244	23	2026-06-11 01:26:44.170707884 +0100
docs/audit/2026-06-11-full-repo-audit/risk-paths/dracon-libs.risk.tsv	210	5	2026-06-11 01:26:44.164001930 +0100
docs/audit/2026-06-11-full-repo-audit/risk-paths/dracon-platform.risk.tsv	25362	380	2026-06-11 01:26:44.060236251 +0100
docs/audit/2026-06-11-full-repo-audit/risk-paths/.dracon.risk.tsv	3785	89	2026-06-11 01:26:44.149237782 +0100
docs/audit/2026-06-11-full-repo-audit/risk-paths/dracon-utilities.risk.tsv	4005	66	2026-06-11 01:26:44.134237524 +0100
docs/audit/2026-06-11-full-repo-audit/risk-paths/folder-auto-banner.risk.tsv	1954	33	2026-06-11 01:26:44.054236148 +0100
docs/audit/2026-06-11-full-repo-audit/risk-paths/Junk-Runner-bevy.risk.tsv	13615	245	2026-06-11 01:26:44.158237937 +0100
docs/audit/2026-06-11-full-repo-audit/risk-paths/kiki-sassy-desktop-announcer.risk.tsv	134	5	2026-06-11 01:26:44.167611266 +0100
docs/audit/2026-06-11-full-repo-audit/risk-paths/one-mil-girls.risk.tsv	13553	259	2026-06-11 01:26:44.047236027 +0100
docs/audit/2026-06-11-full-repo-audit/risk-paths/pully-fully-pull-based-fleet-reconciler.risk.tsv	2666	52	2026-06-11 01:26:44.051236096 +0100
docs/audit/2026-06-11-full-repo-audit/risk-paths/rust-ai-web-auto.risk.tsv	2465	47	2026-06-11 01:26:44.120952080 +0100
docs/audit/2026-06-11-full-repo-audit/risk-paths/video-factory.risk.tsv	292	7	2026-06-11 01:26:44.117579251 +0100
docs/audit/2026-06-11-full-repo-audit/risk-paths/video-uploader.risk.tsv	360	10	2026-06-11 01:26:44.124119923 +0100
docs/audit/2026-06-11-full-repo-audit/risk-paths/youtube-video-uploader.risk.tsv	360	10	2026-06-11 01:26:44.145528533 +0100
docs/audit/2026-06-11-full-repo-audit/strategy-audit/cross-ref.tsv	6521	23	2026-06-11 18:28:16.759650818 +0100
docs/audit/2026-06-11-full-repo-audit/strategy-audit/doc-inventory.tsv	908	18	2026-06-11 18:28:16.759650818 +0100
docs/audit/2026-06-11-full-repo-audit/strategy-audit/recommendations.tsv	2668	13	2026-06-11 18:28:16.759650818 +0100
docs/audit/2026-06-11-full-repo-audit/strategy-audit/REPORT.md	18651	156	2026-06-11 18:28:16.758686999 +0100
docs/audit/2026-06-11-full-repo-audit/validation/ai-auto-repo-rot-scanner-todo-agent-test.log	53	1	2026-06-11 01:33:20.958966496 +0100
docs/audit/2026-06-11-full-repo-audit/validation/ai-auto-writer-clippy-final.log	5726	148	2026-06-11 01:33:20.962618092 +0100
docs/audit/2026-06-11-full-repo-audit/validation/ai-auto-writer-test-final.log	26937	370	2026-06-11 01:33:20.961528515 +0100
docs/audit/2026-06-11-full-repo-audit/validation/ai-auto-writer-test.log	52	1	2026-06-11 01:33:20.960060837 +0100
docs/audit/2026-06-11-full-repo-audit/validation/folder-auto-banner-test.log	41	1	2026-06-11 01:33:20.957600076 +0100
docs/audit/2026-06-11-full-repo-audit/validation/kiki-sassy-desktop-announcer-test.log	41	1	2026-06-11 01:33:20.965060923 +0100
docs/audit/2026-06-11-full-repo-audit/validation/rust-repos-validation.log	480610	9762	2026-06-11 01:33:20.955060751 +0100
docs/audit/2026-06-11-full-repo-audit/validation/video-uploader-test.log	42	1	2026-06-11 01:33:20.963670219 +0100
docs/audit/audit-2026-06-06-full.md	59746	1078	2026-06-06 21:55:04.485256930 +0100
docs/audit/audit-2026-06-06.md	14639	279	2026-06-06 16:18:19.645858816 +0100
docs/audit/audit-2026-06-07-delta.md	26380	430	2026-06-07 23:12:54.551021273 +0100
docs/audit/audit-2026-06-07-delta-summary.md	3217	70	2026-06-07 23:13:16.497387608 +0100
